competitor,Screen Name
Lyxor,santiarmadel
Lyxor,Levinnne
Lyxor,SotirDimovski
Lyxor,rbrunetguilly
Lyxor,ContentCarnivor
Lyxor,mteovalle
Lyxor,cmiller1225
Lyxor,BeckViktor
Lyxor,ParanqueC
Lyxor,exaegis_france
Lyxor,INDEFI_Group
Lyxor,DB_streletz
Lyxor,femininbysg
Lyxor,MissTrompis
Lyxor,taximediauk
Lyxor,Eriler
Lyxor,GEM_Finance_So
Lyxor,FundsImpartial
Lyxor,Jerome65370
Lyxor,Dimitri640
Lyxor,BenjaminPaul85
Lyxor,ernestods55
Lyxor,MarcMunierX
Lyxor,virginieinigriv
Lyxor,masnoterios
Lyxor,Pierre__Thibaud
Lyxor,youmee_mlco
Lyxor,WangYinginParis
Lyxor,dpignot
Lyxor,Philemon42
Lyxor,KunoMels
Lyxor,Adwineur
Lyxor,Allaidine
Lyxor,NaAutacaace
Lyxor,ZephyrGrp
Lyxor,majorosgy
Lyxor,malik_shishir
Lyxor,sebrev81
Lyxor,ElodieGzz
Lyxor,oliverbuq
Lyxor,stephahk2634
Lyxor,ZZ77777777
Lyxor,Alex_Dakir
Lyxor,JoelleDurieux
Lyxor,yoannberdoulat
Lyxor,ChrTob
Lyxor,seb_djaoui
Lyxor,FranAllard
Lyxor,Fund_Tweet
Lyxor,TselkS
Lyxor,jfenal
Lyxor,hayathb
Lyxor,EStone_PwC
Lyxor,felicia_cn
Lyxor,MrRatherTight
Lyxor,wilfrid70
Lyxor,AleGalloOK
Lyxor,Sprenger10
Lyxor,parsumocapital
Lyxor,FundShop
Lyxor,financierico
Lyxor,ErikSloane
Lyxor,FinInvestigator
Lyxor,bisaga
Lyxor,jordanplatts
Lyxor,Oli_Jones_08
Lyxor,FabioGinex
Lyxor,jberkowitz
Lyxor,sam_fortune
Lyxor,SG_Assurances
Lyxor,comesimon
Lyxor,NolMathieu1
Lyxor,Trostino_de_MJC
Lyxor,PascalineCarque
Lyxor,FloGarivier
Lyxor,freewheelingfox
Lyxor,YounesEibel
Lyxor,MONDOLONI10
Lyxor,investivity
Lyxor,IZ_NES
Lyxor,thoron76
Lyxor,Macro_Bund
Lyxor,newmoneyreview
Lyxor,andresaeteren
Lyxor,Actu_Coworking
Lyxor,CFLarrea
Lyxor,fonziemolina
Lyxor,SocGen_UK
Lyxor,j_a_mcmanus
Lyxor,DialogueCapital
Lyxor,chris_sloley
Lyxor,LauraWJones
Lyxor,mindsphaere
Lyxor,DanielH71691384
Lyxor,uralitodejuana
Lyxor,baldwind
Lyxor,JMariathasan
Lyxor,AuroreSitbon
Lyxor,ETF_Global
Lyxor,OGPMarkets_
Lyxor,NicolasMortel
Lyxor,HFPR
Lyxor,Oliver10387920
Lyxor,TRAD1972
Lyxor,MJarlaud
Lyxor,PlanetFintech
Lyxor,ReacfinOfficial
Lyxor,mezzamaratona75
Lyxor,nuno_quental
Lyxor,CharlesAdvice
Lyxor,OFI_AM
Lyxor,cmaelstaf
Lyxor,JFG_Luberon
Lyxor,FundsEurope
Lyxor,Markrosieted
Lyxor,euronext
Lyxor,jonathanhiel
Lyxor,MWNunn
Lyxor,Morewoodoaks
Lyxor,MaryneLefeuvre
Lyxor,CharlesVoitey
Lyxor,Ipasmantier
Lyxor,cpalluat
Lyxor,l3mire
Lyxor,raphaelbldl
Lyxor,Blowsie84
Lyxor,ChrisBr26018902
Lyxor,Sharpovic
Lyxor,JFolcque
Lyxor,JRHervy
Lyxor,Laurianelpr
Lyxor,AnthonySTAAL
Lyxor,26style1
Lyxor,ahorrainvierte
Lyxor,peyre_christian
Lyxor,ClaireBonardi
Lyxor,IKellnar
Lyxor,afapepargne
Lyxor,sesamm_inside
Lyxor,Huttepax
Lyxor,ProposUtiles
Lyxor,PaulDupont80
Lyxor,allnews_ch
Lyxor,seancaseyparis
Lyxor,johnson_mattw
Lyxor,tasciccac
Lyxor,aloncant
Lyxor,JingLeong
Lyxor,hodrickprescott
Lyxor,FundAwards
Lyxor,etftrack
Lyxor,ParamusFredrik
Lyxor,deegrate
Lyxor,ArseneAhouansou
Lyxor,The_Kug15
Lyxor,Riccione1977
Lyxor,MamadyKoita
Lyxor,TeedoAd
Lyxor,hamza_derkaoui
Lyxor,MJ32917
Lyxor,hamlin74
Lyxor,clbinvestidores
Lyxor,Harleyquinn2388
Lyxor,jberthon
Lyxor,Fr_Hurricane
Lyxor,KuriakoseSaina
Lyxor,lynphi
Lyxor,PeterMe31210845
Lyxor,petitbasile
Lyxor,VirgilDelperda1
Lyxor,FundsPeople_it
Lyxor,Pay4UK
Lyxor,Sweeney87
Lyxor,GFiger
Lyxor,aidemon_j
Lyxor,Acuitusauctions
Lyxor,sophiethiard
Lyxor,chrishsh
Lyxor,emails4pawan
Lyxor,call_capital
Lyxor,CentaureCapital
Lyxor,mariwanderley
Lyxor,NathalieTORNEL
Lyxor,AgefiEvents
Lyxor,eaglechem
Lyxor,Jeronimo38
Lyxor,ddeltadtime
Lyxor,vctrjmnz
Lyxor,xpatrolin
Lyxor,ExpatAdvisorsUK
Lyxor,Mathstone1
Lyxor,Barry__Aliou
Lyxor,ALAOneLogic
Lyxor,Eric_Ehrsam
Lyxor,JMANZAFUEN
Lyxor,jvnash1
Lyxor,abisheik4u
Lyxor,edouarddautry
Lyxor,SylviePrea
Lyxor,AlainPitous
Lyxor,AsterCapital
Lyxor,Drag_Han
Lyxor,Bchahine4
Lyxor,gwenmatthez
Lyxor,dianefrancis1
Lyxor,Emi_twitty
Lyxor,Bianca_Swart
Lyxor,giorgiogarziano
Lyxor,brad_tanton_97
Lyxor,BarrotRomain
Lyxor,NOVE_im
Lyxor,TheFinanceHive
Lyxor,Lazare_Mustier
Lyxor,BFussien
Lyxor,corinna_valente
Lyxor,descamps_pcgp
Lyxor,JeanValas
Lyxor,SolvencyIIWire
Lyxor,wjcarque
Lyxor,rabiidenguir
Lyxor,VideoBourse_fr
Lyxor,VKreyndel
Lyxor,m2banquefinance
Lyxor,sawaniwagalath
Lyxor,TrackInsightETF
Lyxor,Payments_News
Lyxor,ZouhairABH
Lyxor,PedroRimaniol
Lyxor,pgriffini
Lyxor,TheMultiManager
Lyxor,bierlollo
Lyxor,RoxanaPantazica
Lyxor,polcos2
Lyxor,blockassetmgmt
Lyxor,ArnaudCarval
Lyxor,Maxdjo9
Lyxor,Guilaumme
Lyxor,citizenandreas
Lyxor,chelaaaaa
Lyxor,europlace
Lyxor,boredlibertaria
Lyxor,Kimysclochette
Lyxor,daduhd
Lyxor,moale77
Lyxor,bekhle
Lyxor,Samira_MRais
Lyxor,PIMFA_UK
Lyxor,aur3lien_b
Lyxor,smookoo
Lyxor,ClaudeSC3
Lyxor,SolutionsAtlant
Lyxor,ETF_Nachrichten
Lyxor,MartaDomingue16
Lyxor,euronext_fr
Lyxor,Boursier_com
Lyxor,newsboster
Lyxor,denisebuchman
Lyxor,olfabe
Lyxor,DanilloDanilli
Lyxor,NewFinancialLLP
Lyxor,eudiogoferreira
Lyxor,JobsinETFs
Lyxor,WoodArtsUniv
Lyxor,mahebarbara
Lyxor,gllmedge
Lyxor,west43rd
Lyxor,equileap
Lyxor,deborahfuhr
Lyxor,SaracenFundMgmt
Lyxor,egocentric_bird
Lyxor,itsspacejim
Lyxor,BcdDucrot
Lyxor,ejobsdigital
Lyxor,TinoV1
Lyxor,Pierre_JeanP
Lyxor,mickyrodgers
Lyxor,OpenInsurances
Lyxor,NRabouin
Lyxor,CarlosAlosete
Lyxor,financiers_em
Lyxor,FGaleneBiard
Lyxor,FlorSchoonhoven
Lyxor,DeepLearn007
Lyxor,jbcouton
Lyxor,ReneVandieken
Lyxor,ethergency
Lyxor,A_J_Kirby
Lyxor,fanny_rouby
Lyxor,Isamas
Lyxor,castrurban
Lyxor,AgefiEvenements
Lyxor,o_tca
Lyxor,Blenheim_Global
Lyxor,vanitybankers
Lyxor,TheHedgee
Lyxor,RolfLonnqvist
Lyxor,_IBAPE_
Lyxor,jarbeja
Lyxor,invdespistado
Lyxor,urtrading
Lyxor,gc_obs
Lyxor,tpsarofagis
Lyxor,FBarjou
Lyxor,hrsanaie
Lyxor,Value_school
Lyxor,MiguelA_Ramos
Lyxor,InsideETFs
Lyxor,SG_presse
Lyxor,ttalukdar333
Lyxor,AIFMDman
Lyxor,gefinance1
Lyxor,bluelionrx
Lyxor,LucioRecalde
Lyxor,AB_London2015
Lyxor,Bdifferent_Ltd
Lyxor,Groupe_SFA
Lyxor,LAitBaali
Lyxor,VirginieBrygo
Lyxor,JohnstonGreer_
Lyxor,ValerieMenu
Lyxor,camstger
Lyxor,AssoAurore
Lyxor,aimseeurope
Lyxor,CGPIFriendly
Lyxor,Lafinancetweet
Lyxor,jonathanboyd
Lyxor,EIFR_news
Lyxor,LIBERTE_LL
Lyxor,goodfounders
Lyxor,jeansayegh11
Lyxor,JS68529192
Lyxor,JPESPartners
Lyxor,matt_rogers2
Lyxor,RaphNiemi
Lyxor,ALegToStandOn
Lyxor,philmop
Lyxor,fluidyama
Lyxor,CitywireFrance
Lyxor,StrongVestETFs
Lyxor,Profadviser
Lyxor,FGuemy
Lyxor,weRaiseStartup
Lyxor,eboscher_AXAIM
Lyxor,DIAMANscf
Lyxor,Jess_chabu
Lyxor,labco_matt
Lyxor,Biz_Hack
Lyxor,TomEckettIW
Lyxor,gianell01690383
Lyxor,anamcd
Lyxor,MrNLon
Lyxor,ameryp
Lyxor,worrachate
Lyxor,monokijitsufuri
Lyxor,SquareOneIFA
Lyxor,Timeisfinance
Lyxor,Mark_Latham_
Lyxor,siobhan_riding
Lyxor,davidricketts
Lyxor,vianneytwins
Lyxor,MondoETF
Lyxor,tennvictor
Lyxor,vmoreauv
Lyxor,HBEisen
Lyxor,fmichard
Lyxor,Quantalys
Lyxor,Nicolas2Pinto
Lyxor,AmyResnick
Lyxor,smnjc
Lyxor,YangreBrooklyn
Lyxor,JosephinePrevo1
Lyxor,AMironesco
Lyxor,edmoisson
Lyxor,md_private75
Lyxor,Hugh_Hendry
Lyxor,BousarsarM
Lyxor,jm_stenger
Lyxor,webpat1
Lyxor,CTkatchenko
Lyxor,fsevery
Lyxor,EdVanDerWalt
Lyxor,Alban_Jarry
Lyxor,followersactifs
Lyxor,desireemaeva
Lyxor,PRland
Lyxor,ericetaitrose
Lyxor,jamesconnell
Lyxor,Andrea_Shifu
Lyxor,Mathilde_F
Lyxor,EHaffreingue
Lyxor,ClaireGuttierez
Lyxor,BertrandPujol
Lyxor,ChLaunois
Lyxor,StefSchwai
Lyxor,TouraineNews
Lyxor,audreyrousseau
Lyxor,RobinJPowell
Lyxor,alex_R_78
Lyxor,benoit_pierret
Lyxor,NicCave95
Lyxor,Floflo_Antibes
Lyxor,JervisOlaprath
Lyxor,bellresources
Lyxor,willem_hk
Lyxor,Copia_Capital
Lyxor,NathalieBoschat
Lyxor,Nicolas_Badey
