Created at,Description,Followers Count,Friends Count,Geo enable,Language,Location,Name,Screen Name,Statuses Count,Time zone,id
2015-07-07 20:47:32,"CN&CO is a #lifestylebusiness populated by people who believe, above all other things, in the importance and power of those around us. #peopleandbrand",2807,3304,True,en,"Johannesburg, South Africa",CN&CO,cnandco,3939,,3364764143
2011-05-16 11:55:06,,0,1120,True,en,,Imraan Wadee,Imraanwadee,1,Pretoria,299611113
2017-06-11 21:02:29,Financial Market Enthusiast|| Aspiring Entrepreneur||A Young Man With Billionaire Dreams,56,196,False,en,South Africa,1stPrince,theNew1stPrince,17,,874008962613612544
2012-01-05 19:49:20,,29,201,True,en,"Pretoria, South Africa",Frank de Freitas,FreitasFrank,658,,456018982
2013-09-12 10:26:11,"Canvas is an early-stage VC firm. Partners led Series A & B rounds @Zola, @Transfix, @CrowdFlower and more. Loves fintech, marketplaces, enterprise.",27759,25084,True,en,"Portola Valley, CA",Canvas Ventures,CanvasVC,6577,Arizona,1856980754
2016-01-31 11:29:20,Positive thoughts Positive mind.,21,91,False,en,"Johannesburg, South Africa",Orapeleng🇿🇦,Orapeleng07,3,,4866392218
2011-03-16 07:40:59,,12,77,True,en,,Werner Kestlmeier,Werner_E_K,2,Indiana (East),267053593
2010-11-19 10:22:47,"Rustenberg Wines is renowned for producing award-winning, internationally-acclaimed wines. Follow us to keep up-to-date on news and special events.",4642,1647,False,en,"Stellenbosch, South Africa",Rustenberg Wines,RustenbergWines,3267,Harare,217371066
2017-08-08 08:15:30,Online planning and personal investing is here. OUTvest helps you to set and reach your goals. Visit https://t.co/HoNLfr2QzX and get started.,94,81,False,en,South Africa,OUTvest,OUTvestInvest,28,Pacific Time (US & Canada),894834441205493760
2018-03-11 18:12:03,,8,86,False,en,,Lindy,mashegold123,1,,972897956058853377
2009-06-02 19:21:28,Wealth Manager @PSGWealth. Investor. Market Watcher. Problem Solver. Passionate about suitable financial advice. Family over everything. Not a great cook,1037,217,True,en,"London, UK",Simone Sharman,SimoneJSharman,1804,Greenland,44185388
2016-12-08 21:24:22,"I'm here rite now : Married man with two wives  and father of six children's , I 'm from a royal families kwaQwabe Emthandeni umzukulu weNkosi uMeseni",2978,4413,True,en,"Richard's Bay, South Africa",SIHLENGIBA kwaSTHEBE,NgibaSihles,6223,,806972711239032832
2010-05-09 08:33:49,Parliament backbencher || Pot Stirrer || Conspiracy theorist,107,1068,False,en,"Centurion, South Africa",The Instigator 😎,alex_mudiwa,223,,141876883
2010-07-15 07:19:57,,22,167,False,en,,Felix Ndlovu,Feli_Themba,36,Kyiv,166895355
2018-02-09 13:01:39,"ETFs, Index Tracking, Structured Products",33,34,False,en,"Sandton, South Africa",Len Jordaan,Len_jordaan,1,,961948208212692999
2011-10-19 16:44:43,,10,244,False,en,,lanakruger,lana0706,28,,394140895
2012-10-11 10:32:55,"http://t.co/AzJyh686 - The Home of Exchange Traded Funds. Find out how you can invest, today!",4753,92,True,en,,ETFSA,ETFSA,2422,,873375402
2017-06-16 17:22:50,"Self motivated
#Born_hustler
i'm_a_believer
#God_is_always_great😗
#EHP
#Billionaire_In_Constraction 
#Investor 
#entrepreneur
#Future_Advocate⌛
#Bokamoso's_dad",190,846,True,en,Mvela~051~011,@Boitelo Monare,Boitelo_G,1091,,875765625569910785
2017-01-02 14:34:10,Striving for financial freedom. One investment at a time.,30,172,False,en,,Company tracker,TrackerCompany,3,,815929177983647745
2014-01-21 09:03:24,,37,322,False,en,,red65,redmasukusm2,953,,2302771050
2014-01-16 06:36:55,"Father | Christian | Investment Management student | I ❤ Africa | Lover of Football, Politics & Economics",580,2841,True,en,Sedibeng,#Ebenezer,Boni_Magoqoza,4066,,2285269349
2015-03-09 19:17:58,,16,275,False,en,,Joshua,JoshHumm01,2,,3082206405
2016-12-08 19:26:45,Market enthusiast,2,44,False,en,South Africa,Jürgen Paulus,jurgenpaulus1,0,,806943112593608704
2016-06-07 12:28:43,Cost and management accounting student at vaal university of technology.,36,62,False,en,Waar ek is.,Lebohang Mosese,mosese_lebohang,70,,740158546629787648
2017-08-21 17:40:11,,0,14,False,en,,Alex Pelser,AlexPelser,1,,899687587681636352
2018-02-26 07:04:46,Finance and Economics for South Africans.,2,188,False,en,South Africa,The Underlying,theunderlyingza,11,Pretoria,968018988176478209
2010-11-30 06:59:36,"CEO of national IT company. Suppliers of IT Network infrastructure, managed print solutions, printers, pc's and supplies",36,139,False,en,South Africa,wayne,WayneBehrmann,394,,221283742
2009-06-01 15:05:36,"Curious and analytical. Follower of Data Science. YouTube junkie. Tinkerer, Mayan Apocalypse Survivor. Flip flop enthusiast. All round nice guy. @DellEMC",1211,2919,True,en,"Johannesburg, South Africa",Delon Karrim,delonk,9860,Pretoria,43899224
2010-08-02 07:13:01,"Son, Friend, People&Brand Guy, Athlete, Party goer, Burner, THAT guy!",498,692,False,en,"Johannesburg, South Africa",Allan Bader,redabja,496,Pretoria,173744091
2018-02-18 14:09:31,Engineer. Interested in Finite Element Analysis.,34,304,False,en,South Africa,RickSanchez,NonLinearNodes,753,Pacific Time (US & Canada),965226775289704448
2016-12-04 15:25:08,,18,131,False,en,,John5,John595522868,643,,805432758453542912
2018-01-09 16:49:20,Add the assets you want. Avoid the risks you don't. Important Disclosures: https://t.co/YvazHXEmZl,14,115,False,en,"New York, NY",Metaurus Advisors,metaurusetfs,2,,950771481260240896
2012-09-24 16:43:40,,50,99,True,en,Cape Town,Tim Jobson,tjobson20,239,Pretoria,843902534
2013-07-24 09:15:24,"Social Entrepreneur, the founder and Managing Director of mWm Pty, Business strategist!",235,2340,False,en,"Port Elizabeth, South Africa.",Mlu Mto,kingdavidmto,71,,1617329767
2010-10-30 09:55:49,,15,308,False,en,,RALPH  STUURMAN,helgst,41,,209993981
2014-07-22 11:56:56,Greatness,7,100,False,en,,Gift Menzi,GiftMenzi,2,,2669247782
2014-06-13 09:29:07,U don't only live once#Not all rivers lead to the ocean#Some dogs do go to hell#Silence is not Golden#,189,938,False,en,The Material Universe,Alphine,skoombuza,758,,2564972712
2015-04-22 15:31:59,Hip hop lover -|- Mr Kick's lover -|- Car lover -|- King of Snooker -|- #YouthPresident -|- #NeezyOneTime -,364,403,False,en,Durban- intwana yaseMlazi,#NeoNkabinde,NeezyOneTime,2251,,3195082847
2010-07-04 18:15:26,"Pro Digital Marketer. Amateur Trader. Staunch Arsenal Supporter. Always Learning Husband & Father.
(Tweets not advice)",343,1411,False,en,,N.Block,The_Blockster,2367,Pacific Time (US & Canada),162796604
2018-02-22 21:12:45,Forbes Africa here i come,78,1237,False,en,,Malusi,Malusi31183842,9,,966782838195523584
2012-04-15 03:32:25,Father to Polelo & Ukona & LangaleNkosi,181,1065,False,en,"Jozi, S.A",Bongani Nkosi,BoboN74,978,,554038112
2015-03-10 20:05:59,,493,3938,False,en,"Melbourne, Victoria",Dylan Parham,dylanparham90,436,,3071949625
2012-07-30 21:05:15,Wealth Manager at EOH Advisory Services,45,180,False,en,Johannesburg,Vincent Minnaar CFP®,VinceFinAdvisor,157,,726851804
2008-05-25 16:35:30,Trying to understand the world through an amber lense,137,227,True,en,"Johannesburg, South Africa",Sean,SMC705,1441,Pretoria,14899929
2015-04-16 08:49:09,Music Merchant,338,1324,True,en,Earth,Khehla Rakoena,RakoenaKhehla,1571,,3172045391
2017-06-12 11:34:10,,147,260,False,en-gb,Secunda eMbalenhle,Kenny,KennyGreyy,312,,874228329548840961
2017-06-05 11:11:45,,11,218,False,en,,Marc Scholl,scholl_marc,91,,871685971259129856
2017-11-13 14:25:27,,8,111,False,en,"Sandton, South Africa",Derrick Nkambule,DerrickNkambul1,0,,930079165927260161
2007-06-03 18:59:27,M&E Executive by profession | Mobile tech enthusiast | Sports fanatic | Politics.,423,1011,False,en,"Pretoria, South Africa",Madoda Hlongwane,MHlongwane,3079,Pretoria,6546642
2017-08-17 17:55:18,Wife |  Entrepreneurship | Student | Investing | Finance |  BD & Sales | Sport | Conservationist | One eyed 🐕 owner | Opinions own | rt/follow ≠ endorsement,883,4167,False,en,South Africa,Marion Das,marion_das,317,Pretoria,898241842327801857
2009-04-11 10:28:27,"Finance and Football, mostly.",305,1114,False,en,"Cape Town , South Africa","Paul Hoenck, CFA",PaulH_01,5769,Athens,30430100
2011-10-22 17:37:32,I'm in love with Jesus!,63,552,False,en,Durban,Zinzi Radebe,Zinzi3Rad,111,,396056527
2017-08-21 17:50:57,,9,178,False,en,,Lawrence Segall,LawrenceSegall,6,,899690299244630017
2011-09-28 16:15:25,,30,218,False,en,,DJO,didiotto,28,,381598502
2017-10-19 13:48:42,Labour and Political Activist//Father//Interested in Politics and Economics// Proudly South African🇿🇦//Gooner,45,106,False,en,"South Africa,KZN,Sundumbili ",@Wiseman_Danca🇿🇦,Wiseman_Danca,873,,921010216870739968
2012-06-10 12:41:41,Squirrels with croissants.,605,1682,True,en,Oblivion. ,Agisanang.,Agi_Disemelo,5719,,604490977
2011-11-22 05:55:16,,13,178,False,en,"Potchefstroom, South Africa",Morne Alexander,mornealex,3,Pacific Time (US & Canada),418452823
2008-06-25 08:11:18,,277,791,False,en,JHB South Africa,Mayav Patel,mayavptl,479,Greenland,15228842
2014-10-27 14:27:13,Child of God 👑 iHlubi elihle 🌍 Former Child ⚡ Younger brother ka Nkosinati noSandi 🎲 IT Student,442,3262,True,en,"Vanderbijlpark, South Africa",Sibongiseni Belle🇿,sbongiseniBelle,333,,2846762711
2017-02-05 19:34:26,,8,359,False,en,,Elize Steyn,elizesteyn123,1,,828325933023125504
2015-09-14 12:12:24,I am a work in progress. Destination is greatness but won't get there without experiencing the journey with other people.,63,748,False,en,"Cape Town, South Africa",The Creator of Profound Mysteries,AsandileMandla1,130,,3652813283
2011-07-08 22:27:05,Entrepreneur| Investments Analyst.,212,263,True,en,South Africa,Kuhle Marvel Mpahlwa,Marvel_SA,445,Pretoria,331907024
2009-08-02 20:45:33,,192,319,True,en,"Pretoria, South Africa",Warren Davison,WarrenDavison,956,,62346240
2009-07-11 08:03:42,,197,737,False,en,,Matthew Atmore,mattymore,4372,Greenland,55787818
2015-04-24 19:21:01,,6,69,False,en,,Brett Cocks,brett0802cocks,33,,3202136704
2013-04-12 17:02:59,"Entrepreneur and lecturer by day, sport fanatic, book enthusiast and dreamer by night.",149,192,False,en,"Johannesburg, South Africa",Igor Rodionov,Igrod5,186,,1347284948
2010-12-29 23:32:41,Follower of Christ. Law 🎓.,227,275,False,en,,Damjan Ristovic,DamjanRistovic,14533,Greenland,231968110
2009-12-09 15:19:01,,67,82,True,en,,Gerrit van Dyk,GvanDyk93,205,Pretoria,95666242
2017-06-16 10:07:46,,1,57,False,en,,chris2r,chris2r1,6,Pacific Time (US & Canada),875656136862519297
2017-11-14 13:48:10,Music Sport Sport Football LifeStyle Life & Style Travel,45,357,True,en,"Pretoria, South Africa",Mokwena Joseph,Jiggerdiss,13,,930432169335500805
2015-10-24 17:31:56,Construction | Investment | info.lisiko@gmail.com,411,934,False,en,,L I S I K O,Lisiko_Group,344,,4033029915
2009-07-06 08:45:13,Semi-retired CA(SA).  Investor & trader (somewhatJSE-obsessed!). Runner & infrequent-mountainbiker,318,543,False,en,"Kzn coast, South Africa",Keith Bingë,KeithBinge,2327,Pretoria,54157555
2012-12-26 20:12:29,,6,35,False,en,,Richard Henwood,richardgh82,0,,1037957304
2010-12-23 11:32:47,"Financial Markets Analyst, Equity & Forex Trader. Also a marathon runner and a Manchester United Supporter",187,751,True,en,Johannesburg kempton park,Wilberforce D.Moyo,wilberdylan,285,,229809553
2013-05-02 18:19:28,,35,684,False,en,,Tiisetso Mashile,mashiletc,5,,1397841812
2015-08-11 13:00:51,An @EDHECRisk Institute Venture aiming to favour the adoption of the latest advances in #smartbeta design and implementation by the whole #investment industry,380,332,False,en,,ScientificBeta,ScientificBeta,647,Paris,3415148979
2010-03-03 10:51:08,Starlight ⛤Starfire ⛥Starfish,165,513,True,en,,IG: starnzimande,21Sthandwa,3189,Greenland,119344959
2009-02-17 19:04:23,From Fire.,2033,1259,True,en,"Johannesburg, South Africa",DYLΔN JΔCK,Dylanjack,27121,Cairo,21118024
2012-11-20 18:11:59,"Author of Freedom Rider, 10 000 km by mountain bike across South Africa",1601,1122,False,en,Johannesburg,Kevin Davie,freedomriderza,2594,Athens,960929130
2015-12-24 18:13:29,"Proud dad, #Springboks, #Blitzboks, #Stormers, #Proteas supporter...#ProudlySouthAfrican 
Contact me : pcamoetie@gmail.com
Ph: +27 73 196 2375",1045,3124,False,en,"Uitenhage, EC South Africa",Percival E Camoetie,PercivalCamoet1,6122,,4591804036
2016-07-31 01:58:47,"Founder of @DOPEDREAMMUSIC Bookings: Call 078 900 5317 Afro_house Dj
•IG @bigjohnddmr
•Facebooks: BIG JOHN #BIGJOHNDDMR",441,2491,True,en-gb,Mafikeng South Africa,Guest Mix 001,BIGJOHNDDMR,165,,759568962942296064
2014-06-22 11:18:03,Sweet lady. Blogger / DC fan. Come on https://t.co/KK8GpppbKI,14,70,False,fr,,Terri Mansfield,nadia64490556,54,,2582047092
2017-09-17 12:05:55,,13,236,False,en,South Africa,Mufunwa Nelwamondo,MufunwaN,0,,909387940207501314
2012-01-07 20:22:34,,13,1224,False,en,,shimon_officia1,shimonsmith2,1549,,457780878
2018-02-02 13:38:05,"Entrepreneur / information gathering for  investors and startups in Africa / info on seed funding, VCs, bootcamps, accelerators, tech, innovation and business",161,937,False,en,Cameroon,Business Africa,Entrepr_constr,56,,959420661050626048
2017-01-23 10:05:53,"Your career starts on SkillsRus - YOUR CAREER STARTS WITH YOU: Discover Jobs, Internships and Company Events that fit your skills & qualifications",150,521,True,en,"Johannesburg, South Africa",SkillsRus,skills_rus,115,,823471811090378752
2008-08-04 19:32:16,"Tech junkie, gadget lover. R&D guy in Retail Sector. Dad. Tweets are my own.",2961,802,True,en,South Africa,Minnaar Pieters,Mpieters,9604,Pretoria,15726581
2018-01-29 21:55:26,"We specialize in professional auto detailing, including RV’s, Boats and and Home Renewal Services. Mobile service by Appt only.",28,192,False,en,"Arizona, USA",High Desert Auto & Home Renewal LLC,High_DesertAuto,10,,958096270085668864
2011-02-03 18:35:36,,297,457,True,en,,Chris Slack,slackie94,1986,,246915459
2009-05-18 13:30:11,Writer. Money dork. Entrepreneur.,2316,932,True,en,Cape Town,Sam Beckbessinger,beckbessinger,7191,Greenland,40872774
2017-07-11 11:16:53,"Entrepreneur
Aspiring investor
UFS CA student
Also future Attorney(Corporate)
Extroverted introvert
Health enthusiast
Classical V8 Enthusiast
Sagittarius",2128,2591,False,en,"Bloemfontein, South Africa ",Tumisang Sediane,TumisangSedian1,1691,,884733226559741952
2011-05-09 08:42:37,Equity Trader & Portfolio Manager. Investment and trading enthusiast. Views expressed are my own personal opinions!,374,773,False,en,Cape Town,Justin Mark Davidson,JDav27,1307,,295569822
2018-01-08 07:28:12,"Business and Finance News , Stock markets , Shares and anything that relates to Wealth Creation - life long learner ! RT is not endorsement !",25,471,False,en,"New Delhi, India",Deepak Chhabbra,DeepakFIWC,24,,950267881287163905
2009-06-23 10:54:39,Probably going to offend you at some point. | https://t.co/MOL283Q2Fm,1280,819,True,en,"Cape Town, South Africa",Tali Thinatshifani | Blackdot Photography,talifhani,10967,Pretoria,49945141
2017-08-29 13:18:30,Some of the shit said by Traders,264,450,True,en,South Africa,ShitTradersSay,ShitTradersSay_,2031,,902520837063966720
2009-08-19 19:58:51,"Actuary, Cyclist, Toastmaster, Epicurean, stifled Creative, aspiring Geek, Capetonian in exile",146,370,True,en,Johannesburg,Rikki Barnes,rikki_barnes,419,Pretoria,67103189
2015-03-11 18:26:25,,5,35,False,en,,Wayne Twine,WCTwine,29,Africa/Johannesburg,3087446711
2011-03-24 13:06:56,"IFA,investment and markets enthusiast. Husband, Father, eternal optimist and sport mad.",20,94,False,en,"Johannesburg, South Africa",Andrew Locke,SunBurntSmurf,5,,271408764
2009-10-21 18:31:36,Trying to find my place in the universe...,24,78,False,en,"Johannesburg, SA",Marcelle Pillay,Jadu76,226,Pretoria,84130222
2010-04-10 09:24:27,,71,434,False,en,Rsa,Anthony H,AntSA1960,1786,,131455085
2012-04-01 19:10:35,,30,236,False,en,,james,jameswhiteman68,41,,542866890
2009-03-23 06:30:37,,155,807,False,en,"England, United Kingdom",Andrew Foster,Fozzy6,203,,25965001
2012-09-17 09:25:03,"Zwide kaLanga, Ndwandwe, Mkhatshwa, Ngikhabangezinde nezimaqhukubezana, Nkabanhle, mina ngingowase Gudunkomo, Yimi owasezikhotheni, ezingakhothi ngamlomo",535,1562,True,en,"KwaMbonambi, KZN",ZWIDE,_nxumalo_,3747,Athens,828703992
2011-07-14 17:59:36,"Amateur trader, investor, distress debt, turnaround, workout, business rescue, private equity, venture capital. Cyclist",48,724,False,en,South Africa,Coenraad,coenraadvanbeek,39,Pretoria,335443486
2012-07-31 20:29:48,Focus On Your Focus,716,2478,True,en,Brakpan,Thabo,Thabo_Music,1350,,729174492
2017-05-03 17:04:44,,10,137,False,en,"Pretoria, South Africa",Maroe Martin Mota,MotaMaroe,0,,859816004486144000
2011-08-07 15:22:03,,64,290,False,en,,Ryan Eichstadt,ryaneichstadt,115,Athens,350311114
2017-12-09 19:52:33,"Melomaniac, sapiosexual, introverted animal lover.",7,311,False,en,,Lisa Simpson,WildFigg,21,,939583565473484805
2016-02-03 16:29:49,,1,56,False,en,,AYM,aym4704,2,Pacific Time (US & Canada),4874229939
2008-05-24 04:37:13,,231,2473,False,en,Uitenhage,yerbua swuog,yerbuaswuog,312,Pretoria,14888309
2017-08-25 16:10:18,Entrepreneur /fitness model,115,1175,False,en,"Johannesburg, South Africa",Kgaogeloshihau,Bash_Levi,386,,901114522886340608
2011-03-21 12:44:32,"CA(SA), Involved in Turnarounds and Restructuring, Pioneering new SA Brands,  eCommerce Enthusiast , Tech lover, GeistSA",401,632,False,en,Johannesburg,Gidon Kruger,gidonkruger,1402,,269778195
2011-03-22 04:56:10,MoAfrika,241,593,False,en,Afrika,Morena Salamane,BSalamane,3533,Greenland,270194476
2011-04-21 16:13:29,"""Question everything. Travel everywhere..."" portfolio careerist. opinionated. wine enthusiast.",835,2745,True,en,The World,Simi Chiloane,tanskeptic,21430,,285689021
2017-05-12 10:55:40,😜,113,511,False,en-gb,"Port Elizabeth, SA",Mrs Khumo N,KhumoMass,285,,862984613416796161
2015-06-17 10:58:10,A club for next generation financial services entrepreneurs.,2354,1315,False,en,"Johannesburg, South Africa",AlphaCode Club,alphacode_club,1885,Pretoria,3331199339
2013-12-21 20:21:23,"Livist, Community builder, Breadwinner, Daddy, Entrepreneur, Ideologist, Innovator, Creativist...Strategist..Traveller",143,1285,False,en,Gauteng_Pitori,Jojo malinga,Jojo_mali,124,,2236986747
2012-02-18 05:46:44,,25,344,False,en,,bd,xbidx,77,Hawaii,495659041
2018-01-15 06:47:32,,0,116,False,en,,Dale Daw,dale_daw,0,,952794361263161344
2017-08-20 22:01:59,IT Developer / Investor,522,232,False,en,South Africa,Daniel van Eyk,DJ_DanielvanEyk,337,,899391084610150401
2012-09-05 21:33:13,TRUST and OBEY,38,73,False,en,,Sechaba,chabis_23,388,Pacific Time (US & Canada),805434193
2017-02-22 01:56:57,Investing information and views from a Canadian perspective. Should not be considered professional investment advice. What is growing in your investment garden?,426,1112,False,en,Canada,The Funds Garden,FundsGarden,1040,,834220402985414656
2017-12-12 13:48:55,,2,43,False,en,,Bevan Cockcroft,Yellowstone147,3,,940579218659921921
2017-07-13 09:06:22,I am who I am... I work hard and want to achieve great things in my life... I have a beautiful family and love them to bits...,364,1774,False,en,"South Africa, Margate, South Coast",Chantell Young,ChantellYoung5,38,,885425156608450560
2012-06-27 15:53:18,,1,57,False,en,,Nazley,Nazley2780,0,,620191557
2016-12-16 04:21:02,,8,125,False,en,,Nayna Devchand,naynadev,36,,809614287270514692
2015-12-12 09:08:10,Credit Trading,265,3355,False,en-GB,"London, England",PVV,Pvv23,12,,4457796460
2015-03-23 13:01:59,"Trust INCE|Connect to bring you personalized involved investment and company related information, resources & tools... all in one place!",4595,4399,False,en,South Africa,INCE|Connect News,inceconnect,7234,Pacific Time (US & Canada),3107525247
2011-09-21 12:20:00,,38,284,False,en,Johannesburg,Suresh Easwar,EassenHarsh,495,,377335600
2012-02-17 18:44:43,,7,48,False,en,,Nardus le Roux,nardusleroux,15,Athens,495222274
2011-04-12 10:23:55,Think long term but enjoy today.,982,1131,False,en,"Johannesburg, South Africa",Jerry,JerryRampai,7698,Pretoria,280951764
2017-04-24 13:14:52,,13,327,False,en,,Cristine Scolari,CristineScolari,4,,856496663569027073
2011-11-01 12:28:08,Nobody wins unless everybody wins.,86,142,False,en,South Africa,Johann Piek 🇿🇦,jpiek123,995,Kyiv,402676799
2009-09-02 16:38:24,You can't do epic shit with basic people!,86,381,True,en,Bloemfontein,Lourens Pieterse,BiermanDerm,147,Pretoria,71009143
2017-11-30 12:18:33,Unionist.   psychologist(BBS). Investor-Trader. Motivational speaker. Captain (mining). safety practitioner. CEO of        afro-safety-acheivers.,476,1882,True,en,"Pretoria, South Africa",Tumicatz,Tumi18026003,1276,,936207823599538176
2012-11-01 12:10:12,"Hubby, Dad of 2 great Kids",1856,294,True,en,"Cape Town, South Africa",Jacques Nienaber,jacnienaber,629,,918878360
2012-01-09 18:28:51,,2,91,False,en,,mj,Mthethelelij,54,,459482552
2017-12-28 06:50:15,photography is about capturing souls not smiles,13,109,False,en,Rothchild Street ,FollowUsPhotography,kagiso1863,15,,946272064813531136
2009-06-22 12:35:23,"Janong Strategic Brand Concepts is an insight driven brand
and communication strategy consultancy that exists to build brand relevance.",202,591,True,en,Johannesburg South Africa,Janong Concepts,janongconcepts,1391,Athens,49614868
2015-10-26 07:15:06,,39,46,False,en,,BridgePayers&Growers,Payers_Growers,114,Pacific Time (US & Canada),4044626722
2011-05-29 10:20:58,IT nerd,146,463,False,en,"Melbourne, Victoria",Ash,ashkaizer786,955,,307276337
2013-10-12 00:42:28,Cosplay fan/MARVEL fan. Come to me,57,1724,False,th,,Donna Davidson,WiwatClaw,7291,,1955414119
2017-12-15 08:34:36,Company Registrations & Tax Consultancy,7,131,False,en,"Harare, Zimbabwe",Network Secretarial Services,CompnyRegtax263,3,,941587281869189121
2017-02-03 18:15:24,Don't undo all the good you do by being a dick every now and again!,44,528,False,en,"Johannesburg, South Africa",George,George_Bohemia,756,,827581266748915715
2017-12-12 11:57:18,"""Formal education will make you a living; self-education will make you a fortune"" ~ Jim Rohn",8,71,False,en,South Africa,Ntokozo Nsibanyoni,Ntokozo__N,17,,940551129682927616
2010-11-11 21:02:19,,104,310,False,en,,Fergus Slattery,fergooose,103,Pacific Time (US & Canada),214621652
2015-11-25 15:55:08,Aspiring CA. Activist. Brother of four. Part time trader.,16,147,True,en,"Nelspruit, South Africa",Vincent Mdhluli,VincentMdhluli2,19,,4275992728
2009-04-24 04:51:54,"Playing the hand I have been dealt & loving it! Investor in people, Stithian alumnus, Jozi dweller, proud African :) Believes 2+2=(at least)22",4605,5002,False,en,Johannesburg,Carel Nolte,carelnolte,12420,Harare,34851624
2017-08-27 16:53:34,Tax Specialist 🇿🇼 🇿🇦| Msc Student 📚| Investment Advisor |Moto - Success is Inevitable!,187,2104,False,en,"Birmingham, England",Bekezela Hlabangana,Finexeq,391,,901850185436942337
2012-05-02 06:15:39,,108,242,False,en,,paayal_kanjee_govind,PKanjee,1389,Pacific Time (US & Canada),568928646
2017-12-06 08:27:49,,0,20,False,en,,kevin hinton,kevinhi00239553,2,,938324081597997056
2014-10-03 15:00:09,"Relevant, accurate & independent analytics on 3,500+ ETFs listed in Europe, North America and Asia. Compare ETF daily performances, flows & replication accuracy",480,698,True,fr,"Sophia Antipolis, France",TrackInsight,TrackInsightETF,616,Paris,2802077038
2017-12-04 17:29:48,,0,9,False,en,,Cameron,Cameron88102349,0,,937735702380515328
2009-05-24 09:25:08,"Cricket, stocks and anything else that interests me. Stock broker & Portfolio manager by day.Expressing my own opinions-obviously! RT ≠endorsement.South African",1075,3302,True,en,"South Africa, Western Cape",Richard Levesque,Richardlevesque,9422,Greenland,42189267
2009-05-22 06:37:53,Hobby Stock market analysis,113,563,False,en,South Africa Pretoria ,David Blaauw,Blaauw72,111,Pretoria,41767700
2012-04-23 12:19:24,Rocking in the free world!,24,96,False,en,,Brandon Herselman,brndnhrslmn,14,Pretoria,561163746
2014-01-31 22:14:57,"Entrepreneur | Speaker | Consultant | Researcher

info@mbizamr.co.za",174,510,True,en,"Pretoria, South Africa",Mduduzi Mbiza,MbizaMr,2408,Pretoria,2316982888
2012-08-15 16:06:25,,17,232,False,en,,Muzi Khumalo,crypticzulu,156,Athens,759652434
2011-09-26 11:40:26,"Following in the footsteps of giants. A son, a brother, a good friend and an able fool under duress. ;-)",90,120,True,en,"Cape Town, South Africa",Ntsikelelo Maqubela,Ntsiki_Mayembo,191,,380280439
2016-10-22 14:36:27,,3,156,False,en,,Dez Cloete,Dez_Cloete,1,,789837827941040128
2017-09-15 15:49:00,The business of life,116,1425,False,en,South Africa,Michael du Preez,Mikydupreez,46,,908719305382080513
2011-05-25 15:33:48,"Generous, opinionative, Christian, driven, positive, enjoys learning,",360,922,True,en,"Johannesburg, South Africa",Ntsako Gabaza Khosa,gabaza_n,1365,,305059455
2009-05-22 18:10:01,,122,964,True,en,Joburg,Darin Delaney,Dazmyboi,316,Pretoria,41866936
2014-02-25 16:14:08,,212,1551,True,en,,Kevin Thomas,saint_kev1,525,,2365181975
2017-04-25 21:42:15,Journalism //Radio //Football //Politics //Cricket //Life & Style // Entertainment.,873,4278,False,en,"Port Shepstone, KwaZulu Natal,",Mhlengi Josta Cele,Mhlengi_Josta,2597,,856986739474399232
2014-06-01 18:13:57,,5,72,False,en,,Not The Real Clint,ClaassenClint,15,,2575838734
2017-06-28 09:24:45,"Dj Tebo🎛 , bookings: @ thulebonarudolph@gmail.com , +27 83 531 5182 . There and everywhere. 😊",126,1171,True,en,Johannesburg gauteng,Tebo da Dj,ThulebonaTebogo,198,,879993964371353600
2009-02-27 05:07:27,,42,266,False,en,"Johannesburg, South Africa",Heath Andersen,heatah,0,,22110151
2017-08-21 17:39:48,#CryptoMarketing Services For Blockchain Startups & Companies Launching ICO's,10022,7888,False,en,"Las Vegas, NV",PromoteCrypto,promote_crypto,173,Pacific Time (US & Canada),899687492747632645
2015-01-06 21:23:11,,0,243,False,en,,toddskiza,toddskiza,1,,2965015894
2009-05-14 19:37:38,,54,1038,False,en,,Patrick Mann,PatrickGLMann,646,,40069082
2009-12-15 14:27:01,"Founder & CE @CannonAssets | Professor Economics, Finance & Strategy @GIBS_SA | SA builder | Dedicated dad | Adoring husband to @Tashmial | Ninja #6809",17964,4832,True,en,S 26 02.801	E 28 01.448,Adrian Saville,AdrianSaville,14670,Pretoria,96990473
2013-03-28 13:20:23,,1,1158,False,en,,stuart dicks,stuartdicks70,0,Athens,1310588576
2012-01-28 16:29:26,"Life is but a dream, live it!!!",15,208,False,en,"Nomathamsanqa, South Africa",neebles,neebs20,108,,476901773
2009-04-14 15:02:05,"Financial journalist, freelancer, entrepreneur. Former accountant, MBA @StellenboschUSB and hopefully soon CFP.",1797,2517,True,en,"Centurion, South Africa",Niel Joubert,DMJoubert,5611,Pretoria,31140770
2010-04-21 14:10:56,"Umvulane, uncilashe, umsuthu, we buy cash no credit! Into yase Dike-by-day, i-Alice-by-night, Ephondweni, kuloMzantsi umnye! | We were born 2 prosper! Let's go!",444,1843,True,en,Mzantsi,Bikzen von Afrika,Bikzen_SA,1330,Pretoria,135509580
2011-03-27 11:12:20,"Jokes are life, into Equity investments, loves CA(SA)",350,571,True,en,"South Africa,Durban",St Hector,ndawonde_xolani,1669,,272884816
2017-08-12 14:00:31,"Sugar Bush Food & Beverage: Suppliers of luxury macadamia nut products. Driven by health, inspired by nature.",4,3,False,en,"Cape Town, South Africa",sugarbushfoods,SugarbushSales,87,,896370817377939463
2017-10-03 09:32:41,Simple,26,407,False,en,,Themba,Style_purpose,64,,915147586062954498
2017-07-11 20:52:39,Minding my own,55,1717,False,en,South Africa,LG,lg_kho_,6,,884878122629419009
2017-06-19 11:31:22,,5,84,False,en,,JK,botha8642,56,,876764339763544065
2009-05-06 12:42:28,"Traveler, Golfer, Social trader, Manchester United fan.",115,322,True,en,New York,Dipesh,dips69,1061,Harare,38169130
2011-03-06 20:18:37,,24,134,False,en,"Cape Town, South Africa",Carmen Louw,missindieza,62,Greenland,261836973
2014-01-01 15:31:53,,2,68,False,en,,Sizwe Dlamini,SizweDlamini19,27,,2271776827
2013-11-01 18:11:35,,23,75,True,en,"Durban, South Africa",Lucky Sibiya,luckysibiya74,454,,2163673115
2012-05-09 13:55:23,"Accountant, Business Consultant, Network Marketer, Director at Hubvest Centre Private Limited and Entrepreneur.",197,1464,True,en,"Harare, Zimbabwe",Valentine Mananzva,Mananzva90,1642,Athens,575455665
2014-09-18 08:22:40,Marketer. Entrepreneur. Geek. Phantom Billionaire. Real Madrid C.F.  Lamborghini. Bugatti. PMW.🤓,850,4527,False,en,,Retshi Tlhaole,Retshi28,1247,,2816617184
2016-04-25 09:41:45,"South African Online Financial Advisor - Follow us to receive educational material on reaching your financial goals. After all, knowledge is power.",273,125,False,en,South Africa,Advicement,Advicement_SA,314,Pretoria,724533846541258752
2012-08-29 06:26:56,"Lawyer, mom, living on edge, trust it will work out, love all thing running, travel, photography, reading, justice, laughing, wanna be trader, go big / go home.",118,351,False,en,Johannesburg,Charin de Beer,CharinDB,313,,788685554
2016-09-14 12:52:37,"Mining Engineering Graduate 👨🏾‍🎓👷🏽‍♂️⚒💰💎🚜|Kriel, MP 🇿🇦",286,575,True,en,"Kriel, South Africa",Sesethu,Sesethu_Ondela1,2042,,776040958852993024
2011-11-03 18:47:06,Insert Coin to Continue...,78,47,False,en,"Sandton, South Africa","Morne Rall, CFP®",rocknrall,1255,Pretoria,404306781
2017-06-27 04:46:01,,29,378,False,en,South Africa,Dylan Rorke,RorkeDylan,128,,879561432915996672
2011-04-07 17:50:11,,373,1094,False,en,Johannesburg,Graham Knight,GrahamKnightSA,1927,Pretoria,278648197
2014-06-29 18:26:56,,35,51,True,en,,Ryan Sydow,Evertonlover1,154,,2653953671
2010-06-22 13:20:37,I am who I am...🙃,348,2589,False,en,South Africa,Molz,MolebogengT,358,Pretoria,158368270
2010-08-04 21:39:13,Attorney | Entrepreneur | Business Owner | Consultant | Electronic Music Lover | Cathryn Lowery ❤️ | Live & let live | You can't fear what you cant change,299,1403,True,en,Johannesburg ,Ryan Cameron,Ryan_Scotty,3743,,174804780
2014-05-10 07:07:21,,106,446,True,en,,arthurmonare,arthurmonare,449,,2538544769
2015-11-05 13:30:04,"Liberty Financial Adviser, who understands your needs and take action to provide a lasting solution. Available 24/7. 0792955703/Keith.kubheka@liblink.co.za",506,2012,True,en,"Johannesburg, South Africa",Keith Kubheka,slyzatsotsi3,386,,4119656236
2015-07-20 18:56:58,,1444,4245,False,en,,Ruby Mathang,RubyMathang,302,,3384818009
2016-10-09 10:52:42,2 strings short of 6 🎸,34,69,True,en,"Johannesburg, South Africa",Brandon Urwin,brandon_urwin,581,,785070476594905088
2009-01-28 14:41:30,"John Authers, Senior Investment Commentator, Financial Times: Long View & Smart Money + Authers' Note videos. Mexicanophile. Red Sox forever. Views mine.",26792,3713,False,en,New York ,John Authers,johnauthers,7647,,19654407
2011-03-14 10:43:29,Investment Professional. African Equities & Fixed Income. Runner . PlayStation enthusiast . HipHop Head,261,1148,False,en,"Johannesburg, South Africa",Tendai Sikes,_sikes,43,Pretoria,265924158
2009-01-19 01:36:19,The God of Rap,14029,15383,True,en,"St Louis, MO",TBeast Da God,tbeastdagod,11916,Central Time (US & Canada),19165981
2014-03-03 14:34:59,,51,433,False,en,,Gregory Visser,GregoryVisser,0,Pacific Time (US & Canada),2370512245
2014-09-01 19:20:19,,8,157,True,en,,Faizal Amod,FaizalAmod,5,,2784613327
2013-12-23 08:39:19,,30,221,True,en,jhb,Katlego Mongake,KatlegoMongake,296,,2239493841
2013-08-16 22:14:33,,79,199,False,en,,who knows?,CPToceans,983,,1676712930
2011-04-12 18:27:38,,5,25,False,en,"Centurion, South Africa",Errol,errolf1,2,Pretoria,281140090
2017-07-06 19:14:40,Catching up with Startups and crowdfunding investing,2015,4952,False,en,United States,Helen Larsen,Pro_Larsen,443,Pacific Time (US & Canada),883041523574611968
2015-01-08 13:52:26,Co-founder @ FutVesTec l JSEInvestmentChallengeMentor l Futurist l Global Indices Trader I Investor,23,277,False,en,"Gauteng,Lawley Estate",@uMphoStocks,MPHOZAR_05_SAm,9,,2967785469
2017-09-27 20:36:04,Quantitative Equity,57,154,False,en,"Cape Town, South Africa",Stocky Pickin,StockyPickin,114,,913140201870053376
2016-01-04 14:50:01,,7,127,False,en,,Eben Enslin,EnslinEben,10,,4705723145
2009-08-08 10:45:05,Independent Financial Adviser - PSG Wealth,51,263,True,en,South Africa,Greg Kilmartin,cybergk,1166,Pretoria,63947503
2010-12-29 10:37:02,,19,294,False,en,,Leon Bezuidenhout,LeonBez73,240,,231748405
2014-05-03 04:35:23,"portfolio manager, adventure seeker, addicted to exercise and healthy living, travel, All views expressed here are my own and not that of my employer.",130,402,False,en,,Matt Kretzmann,KretzmannMatt,472,Pacific Time (US & Canada),2524701459
2012-12-05 13:10:34,Current Business Science Finance student UCT Old Hiltonian Golf Hacker,193,388,False,en,,Luther van Zyl,Luthervz,568,,990903990
2009-06-10 06:18:43,JSE / Commodities follower and  on-line PC gamer,161,406,False,en,South Africa,Jaco De Bruin,jadebwii,3446,,46052107
2011-04-17 09:18:59,,17,2790,False,en,,Zed,zed_28,3,Greenland,283444987
2015-08-31 07:39:53,,3,65,False,en,,Wallace Barnes,acebar92,0,,3499616956
2014-09-29 18:34:27,,1,40,False,en,,Gareth Hartmann,ghartmann63,0,,2792429309
2009-06-30 09:10:27,,125,895,True,en,South Africa,dave smyth,davejsmyth,381,Pretoria,52349607
2011-07-12 04:43:22,Former Time Travler| Aspiring Dr (of finance) | Sneaker Head Wanna-be|,221,540,False,en,"Ha-Kutama, Muduluni Village.",IAmMaboyi,maboi_1da,8822,Greenland,333833795
2012-05-12 20:20:47,,13,262,False,en,,Kobus Viljoen,kobus_viljoen,11,,578448903
2011-12-06 13:47:22,,7,44,False,en,Jeffreys Bay ,Wybrand E T Wiese,jaybay_kawa,308,,429864277
2017-04-09 06:40:07,"Cardinal Resources is a focused gold exploration and development company. Its key assets are located in the mineral-rich country of Ghana, West Africa.",1170,4972,True,en,"Perth, Western Australia",Cardinal_Res,Cardinal_Res,819,,850961504199258112
2009-07-26 09:35:43,Tax specialist l @ENSlaw l energy tax l corporate tax l cross-border tax l sports & entertainment tax l,360,752,True,en,"Johannesburg, South Africa",Mansoor Parker,mansoorparker1,493,,60273439
2015-09-08 10:05:05,Adventurer. Wine Drinker. Thunder Lover. News Watcher. Learning about Investing. ETF investor. Easy Equities Ambassador. Passionate.,251,300,False,en,Johannesburg,WL,Leon_WayWay,358,Pacific Time (US & Canada),3586449075
2017-04-03 20:29:06,"Investing involves risk, principal loss is possible. StrongVest CWA Income ETF is distributed by Quasar Distributors, LLC. Prospectus: https://t.co/TvjF6c6gJk",476,3642,False,en,,StrongVest ETFs,StrongVestETFs,71,,848995798385864706
2017-03-02 21:12:56,,20,290,False,en,"Durban, South Africa",Michael Nolden,NoldenMichael,2,,837410416041070594
2011-03-01 19:47:46,,239,449,False,en,,cameron leaver,camleaver,825,,259371303
2010-04-19 20:43:24,"Banker, Strategist, Travel Freak, Shopaholic, Foodie - Living La Dolce Vita",73,186,True,en,South Africa,Aneesa Razack,A_Razack,97,,134915959
2017-07-25 06:13:18,,27,558,True,en,,Francois Rousseau,Rousseau_Frans,1112,,889730256537624576
2010-12-06 08:47:08,Digital Don Draper | Retired Blogger | Fintech & eCommerce | Bulls & Bears | Posh Berghie | The King in the North..ern Suburbs | Rational Gooner,1429,501,True,en,South Africa,Ya'eesh Cader,YaeeshCader,6040,Harare,223402332
2009-06-03 08:13:15,I stay in South Africa . I want to meet different kinds of people global.,427,1882,True,en,"Gauteng, South Africa",Bthemba Khoza,Milfordkhoza,2207,Pretoria,44319474
2011-09-05 15:43:10,,5,27,False,en,,Jan Hofmeyr,thehofdog,1,,368401220
2017-07-13 03:59:14,,1,70,False,en,South Africa,Hamdani Mahomed,hamdani_mahomed,0,,885347863848517633
2011-06-18 18:03:31,,65,398,True,en,"Sandton, Gauteng",Morotola Pholohane,morotolap,143,,319764416
2014-03-10 19:59:27,Private Equity Consultant. CA (SA). Travel obsessed. No moderation. Entrepreneur at heart.,194,2392,False,en,,Harry Apostoleris,HarryApos,1,,2382609114
2012-04-13 21:13:40,,12,530,False,en,,Masetla-Ae Tshelela,Masetla_Ae,23,,553015408
2011-09-01 13:14:56,"Intent on making the supermom-career woman anomaly work, one (hectic) day at a time. Wish me luck!⚖️",34,64,False,en,"Cape Town, South Africa",Jenny Albrecht,Jenny_Albrecht,33,,366034136
2011-08-18 08:47:39,Investor Relations consultant by day|Mum to a pigeon pair♡ by night|,322,403,True,en,South Africa,Melainey,meldsays,2582,Pretoria,357389427
2009-06-21 22:12:42,Genius.God fearing,167,501,True,en,SOUTH AFRICA,King,tebogolesabe,416,Greenland,49446361
2012-01-29 14:05:21,,11,155,False,en,,Stephan Engelbrecht,StephanEngelbr,2,,477724576
2011-03-24 12:04:21,"Self-Proclaimed Genius, Venture Capitalist, Self Made!!!Interests :Investments,Banking,Financial Planning Fashion plus  I'm a Deep House Junkie!!!!",598,1718,False,en,Cape Town and Johannesburg,Lamla N,Lamlajigga,3133,,271386724
2009-04-05 12:28:10,"Start where you are, use what you have, do what you can - Arthur Ashe",3,588,False,en,African continent,cs,iamthecarmen,536,Greenland,28979510
2012-01-12 19:59:44,,30,1269,False,en,SA,ZR,zrawat1,1,Greenland,462292154
2012-04-04 08:21:58,"Husband to a great woman, father of 4 daughters, son to loving parents and pursuing excellence through Bible based empowerment.",341,1513,False,en,South Africa,Nangamso Madolo,MadoloNM,395,Pretoria,544951570
2013-06-09 14:07:27,"20. World changer 🌎, Youth Influencer 🎤 || budding philanthropist || Aspiring CA || Child of God",450,1030,True,en,"Johannesburg, South Africa",Sibongakonke Kheswa,SibongakonkeK,1865,,1495698704
2015-10-08 15:57:05,,30,123,False,en,,Brendon Naidoo,BrendonNaidoo4,161,,3900755241
2016-02-13 11:32:30,Greenpoint Trading & Projects Pty Ltd Fx Trader Easyequities Investor Shareholder at Purple Group Farmer Etf Fan,58,247,True,en,"Vanderbijlpark, South Africa",jabulane,mr_jabulane,28,,4904510044
2017-05-16 07:09:37,,9,109,False,en,,Wandi,Ta_Warrah,4,Pacific Time (US & Canada),864377278087786496
2017-07-28 11:37:49,Academic| B-Tech| Engineer_Mechanical| Game changer| Hard worker| Self starter| Unemployed| 0837565043,855,4946,False,en,"East London, South Africa",Sula Gxabagxaba,Super26614865,1083,,890899088371265537
2011-05-06 18:31:59,,22,185,False,en,,Gert Vermaak,lightspawn,708,,294207956
2011-03-26 06:44:42,"Husband,Dad,Entrepreneur and Manchester United fanatic .Believe the limits are endless.🇿🇦",819,4014,True,en,"Nelspruit ,South Africa",Pranay Nagar,pnagar01,12594,,272298432
2010-03-30 14:24:01,Digital Marketing Manager. Master's Student. Brand Leader. On a journey of discovery.,1043,1437,True,en,Wherever you are.,Jozi-Wan Kenobi,RandsnSense,7027,Greenland,127880571
2017-04-11 14:04:13,,15,407,False,en,,Victor,Victor_kuhle,2,,851798042483339265
2011-09-15 16:15:18,Born to fulfill God's purpose on earth.,1022,3391,False,en,Centurion,Hurbert Makhubela,Hurbert2,262,Pretoria,374041714
2007-08-03 14:00:55,"Storyteller; in code, pixels and words. Curious everyday explorer. And now father, greatest adventure so far. 🤩",762,353,True,en,"Cape Town, South Africa",Zane  Dickens,ZaneDickens,4643,Pretoria,7932252
2010-04-21 15:44:43,"A man of mystery and power, whose power is exceeded only by his mystery.",74,249,True,en,"Johannesburg, South Africa",Ryan Aaron Olver,RyanOlver99,1233,Pretoria,135538188
2013-11-01 12:50:20,"wynliefhebber, sportondersteuner en leerling ouditeur in die stad. leer elke dag iets nuuts! luister na die stories.",178,622,True,en,"claremont, kaapstad",wim schoeman,wim_schoeman,709,,2163302992
2016-02-08 19:43:23,"I blog about money. 
Money is a tool and should not control us. 
Ultimate goal = financial freedom.
All content is my opinions and not financial advise",416,86,True,en,"Cape Town, South Africa",ETF Enthusiast,etfenthusiast,280,Pretoria,4889475537
2012-11-28 18:39:39,"Whatever shares I buy, do the opposite, you will become extremely wealthy.",35,416,True,en,South Africa,Carl Starke,carl_starke,518,,976709292
2012-08-28 14:54:22,Communist Heart and Capitalist Mind.,348,326,True,en,Johannesburg,Douglas Mjekula,DouglasMjekula,7119,Kyiv,787183490
2013-09-19 13:36:08,Predicting the predictable. Data Scientist at @Principad. Sports. Stats. Math. Blues and Rock & Roll.,21,220,False,en,"Cape Town, South Africa",Johan Van Biljon,JohanvBiljon,2,Pacific Time (US & Canada),1883153694
2009-06-15 15:53:17,Financial journalist,32,249,False,en,"Johannesburg, South Africa",Stephen Cranston,Scranston,1,,47366328
2015-06-19 12:29:05,"A proudly South African Newspaper based in Cape Town.Bringing you #NewsInANutshell about Business, Politics, BREXIT, Water, Innovation, Lifestyle, Voices.",314,648,False,en,"Cape Town, South Africa",The Cape Messenger,CapeMessenger,2807,Pretoria,3334731394
2009-05-07 11:49:49,equities,288,512,False,en,,Nick Turner,nick_f_turner,187,Greenland,38415323
2017-08-02 21:59:12,Author: The Ultimate Depression,44,557,False,en,"Sandton, South Africa",Reiaan,TheCoach111,353,Pacific Time (US & Canada),892867403666862080
2012-07-11 13:45:00,"Keya Rona Bapo Entertainment (Founder & Singer, Composer & Producer)",257,1890,True,en,brits,Sir JaeCy BC Dyasi,Chris_dyasi,637,,632908223
2013-05-04 16:27:08,,278,3466,False,en,,The Vessel,HlatseMothi,0,,1402753898
2012-06-10 03:55:57,"I'm fabulous, cos I am!",9,64,False,en,"Joburg, South Africa",Ria Mathopa,RiaMathopa,2,,604167824
2009-05-19 07:23:12,"I'm a Massage Therapist, 0828129721. I love God, Enjoy outdoors, endurance sports, running, cycling & triathlons.",1140,4975,True,en,"Kempton Park, South Africa",Craig Botha,craigmassageman,428,Pretoria,41073900
2011-02-10 08:59:39,Christian | Trading Analyst | Idea Generator 📉📈 2018 US Dollar Bull Tweets ≠ Advice,1489,3617,False,en,"Cape Town, South Africa",Lester Davids,_Lester_Davids,3658,Athens,250041636
2017-03-11 17:58:27,Entertainment Sport News Local News World News Government Politics International Politics,65,728,True,en,South Africa,TMT,TMT34854086,41,,840622964450168833
2015-09-17 14:26:28,"Event Management student,Economics Graduate @NMMU,Gemini and a true South African.     
...Loyal
...Honest
...Trustworthy",57,477,True,en,"Pretoria, South Africa",Lizwi kaFihla,Lizue_SA,235,Pretoria,3686555002
2010-01-28 14:23:05,"Recovering financial journalist. Addicted to economics, market news and Snapple. Tweeting in my personal capacity.",992,726,True,en,Johannesburg,Mari Blumenthal,LMariB,2758,Pacific Time (US & Canada),109272976
2017-08-14 09:59:16,"Well travelled Brazilian and South African guys running a BnB in Mcgregor, wine route inSouth Africa. We love having people at home! All are welcome. Xo",27,110,False,en,"Robertson, South Africa",McKhaya,mckhayamcgregor,23,,897034881053724672
2012-05-04 17:15:23,,115,394,False,en,Port Shepstone,Linda Mtshali,HlabsLinda,14,,570999727
2013-06-27 11:28:55,,91,978,False,en,,eshaan singh,eshaan_singh,1475,,1550412314
2012-01-16 17:36:49,My Blood is Blue,116,299,False,en,Soweto & Stamford Bridge,Dave Lephoto,Dave_Leph,405,,465728020
2013-07-05 12:31:26,,40,154,False,en,,Nitasha Babulall,nitashababulall,132,,1570444303
2011-08-19 13:42:50,,55,871,True,en,,Phillip,MorePhillip,47,,358160403
2013-09-26 11:27:30,,553,4985,False,en,"Odendaalsrus, South Africa",Joseph 'Bee MO$H' Moshane,cryzeemosh,179,,1907546394
2017-06-18 07:45:05,"H2 Business Consulting (Wayne Hartmann & Associates) provides business consulting and coaching services to small businesses, especially those at scale-up phase.",18,264,False,en,"Cape Town, South Africa",H2BusinessConsulting,H2BizConsulting,38,,876345002661732352
2012-08-03 15:18:20,,71,460,True,en,,Thabang Ramosotho,ThabangRamosoth,318,,735049327
2009-07-15 20:13:25,,90,1116,True,en,Secunda,ettienne,rademeye,21,Pretoria,57123179
2013-10-25 20:10:25,Life is beautiful,209,839,False,en,South Africa,©Chipo Gunda,chi_gunda,114,,2153196892
2017-01-12 07:20:01,I am the type of person that is always eager to accumulate knowledge about the finance industry,8,156,False,en,,Duan Timmerman,TimmermanDuan,2,,819443800850436096
2012-05-22 06:36:41,"Father to 3 amazing boys, CEO at Fundhouse, passion for investments and fund management",42,273,False,en,"Cape Town, South Africa",Ian Jones,IanJonesSA,14,,587202334
2013-03-13 22:55:17,Capital Markets | Equities & Equity Derivatives | Chairman @BMFGauteng | RTs are not endorsement,1051,774,True,en,Jo'burg,Langalethu,Langa_Manqele,1115,Pretoria,1265653220
2015-10-05 05:52:57,Trying to take my created club all the way to the Premier League in Football Manager 17,106,594,False,en,South Africa,Zep,Zephyros21,1703,,3868463717
2010-10-20 06:36:54,Views are my own..,150,1022,False,en,Durban - South Africa,Mike Ric-Hansen,MikeRicHansen,2793,Greenland,205131844
2013-04-14 06:04:30,,21,107,False,en,,synapseza,synapse_za,206,Athens,1351132201
2010-12-02 21:31:06,"Made in South Africa. 
If you can't be nice, be quiet. 
❤ @antonfriend
(Tweets are my own, not company related)",124,746,True,en,Slaapstad,Rabia Friend,RabiaFriend,2293,Pretoria,222245659
2014-09-02 05:00:50,,7,157,False,en,,Alistair,snotgras72,34,,2758984767
2017-06-23 11:03:31,I can do all things through Christ who strengthens me🙏,790,760,False,en,"Johannesburg, South Africa",Bongani Sithole,BonganiJobe87,912,,878206882044948480
2009-07-23 05:31:42,I has to be this year!,2747,1487,False,en,JOHANNESBURG,Collen LEMAWANE,LEMAWANE,5161,,59373363
2013-02-06 14:40:46,Value investor | Self proclaimed Wealthsmith | Businessman | Tweets & replies are my own opinions | Retweets are not endorsements.,674,1247,True,en,Republique d'Afrique du Sud,Cool Cat,coolcatinvestor,6104,Pretoria,1154200376
2013-01-08 10:28:35,Retired editor of Die Fakkel magazine 2005 - 2014. Amateur photographer.  Ex-Breeder of Simmental Cattle 1996 - 2004.,361,867,True,en,Hoopstad,Andries J Lubbe,AndriesJLubbe,1030,,1070556409
2014-09-14 21:00:22,,33,385,False,en,,Thu Star Thulani,StarThulani,10,,2770478134
2011-10-29 17:57:19,,80,253,False,en,,Zack,zabez101,459,Athens,400866311
2009-06-29 10:29:32,"Hardwork pays off in the long run, but laziness pays off right now!",1370,2889,False,en,Cape Town,Godfrey Albertyn,galbertyn,32563,Pretoria,52019316
2013-04-27 14:35:13,,91,157,True,en,"Midrand, South Africa",Smith Mahalapa,smith_mahalapa,436,,1384612046
2017-07-11 18:38:49,,6,74,False,en,,Tiaan Thiart,tiaan_thiart,0,,884844443425230848
2017-03-12 06:49:21,"Site Agent for Group five also scaffolding co-ordinator for Boss Scaffolding company from Wadeville, been in 🚧 since 2003 until now",262,1939,False,en,"Tembisa, South Africa",Mpho,ThovhaMpho,243,,840816969561567232
2011-06-26 17:15:56,God never promises the absence of storms. He just promises to walk with us through them.,245,813,False,en,,jacques russouw,jacque5R,575,,324459543
2013-11-16 07:36:12,"Candy Store,Party Supplies,Helium,Ice Cream Supplier",119,276,True,en,"Rustenburg, South Africa",Sweet Express Rtb,SweetExpressRtb,35,,2182883799
2015-12-14 22:05:44,"The World's Largest ETF Conference (Jan. 21-24, 2018 | Diplomat Beach Resort | Hollywood, FL)",2534,2005,True,en,"Hollywood, FL",Inside ETFs,InsideETFs,10273,Pacific Time (US & Canada),4560079812
2009-06-23 16:52:00,"The leading magazine and website for professional advisers. Pensions, investments, regulation and more. Sign up for news and expert views: https://t.co/uVtpd80tNU",23160,1271,False,en,London,Money Marketing,_moneymarketing,26412,London,50029119
2015-06-06 05:30:48,Houseband/Dad/Reader/South African/Public Servant/Student/Start-up.,108,280,False,en,MTHATHA- SOUTH AFRICA ,STYHILELO NKUBUNGU,SityhileloN,620,,3310203527
2015-07-13 20:00:26,,4,107,False,en,,Mark Smit,smit_markus,0,,3374489535
2013-03-14 22:50:11,"4 Brothers Group - Founder, 
Sanlam Financial Planner, 
Kasi Role Model,
Father of 2 Superstars,
YouTuber,",587,2788,True,en,"Pretoria, South Africa",Mr. Know Yourself,TshephoChokoe,547,,1268182056
2017-06-27 20:42:19,,1,43,False,en,,THAMI GODFREY NXUMAL,ncpprojects01,7,,879802091853762560
2008-05-27 11:36:57,Portfolio Manager. Stock market enthusiast. Learning machine.,1837,1324,True,en,"Sandton, South Africa",Roy Topol,RoyTopol,3484,Greenland,14919675
2012-03-30 06:20:33,I am.......,21,127,False,en,"Pietermaritzburg, South Africa",Sanele Funeka,SaneleFuneka,22,,540578279
2011-04-01 11:17:41,"Coach, consultant and catalyst. Helping businesses grow....and the country work!",39,189,True,en,"Simon's Town, South Africa",John Raath,johnraath,202,Pretoria,275486410
2016-05-10 04:53:21,"True learning takes energy, passion and a burning desire!!! new to the stock market and cant get enough of it!!",19,41,True,en,,Morne du Plessis,MorneduPlessi17,22,,729897088457281536
2011-06-18 19:54:06,,140,715,False,en,,Bryon Lake,BryonLake,383,,319813363
2011-04-30 11:16:33,"VP Partnerships @easyequities. Family focused, distracted by running, driven by dreams. Giving up never an option. Fintech. Views are my own!",610,654,True,en,Durban,Greg Strachan,strachanco,2433,Pretoria,290496663
2017-05-17 11:13:57,Correctional,6,66,False,en,"Bloemfontein, South Africa",Blom Karl,karl_blom,19,,864801156618485760
2011-05-18 11:34:46,,26,729,True,en,,Homer,Knop101,483,,300800897
2010-11-03 06:26:14,"CEO Purple Group $PPE  Inspired by innovation, driven by desire, fueled by family. Released by Horse Racing. Wild about all of it. #fintech for 15 years",3213,893,True,en,ZA,Charles H Savage,csavagegt247,13825,Pretoria,211425293
2012-01-11 06:37:10,Storyteller. Singer. Investor. Flexitarian. World Wanderer. Brand Manager at @EasyEquities,1652,2357,False,en,Johannesburg,Carly Barnes,ShareGalCarly,1866,Pacific Time (US & Canada),460874426
2016-07-22 08:56:46,Philanthropist | business leader |golfer | fanatical investor |mining broker........,136,2080,False,en,,Mr ike,Sirisaacmore2,176,,756412660133031936
2012-06-07 20:51:49,,32,508,False,en,,JW,JvdWinterests,103,,602273679
2011-10-13 20:06:45,\m/ live for today plan for da future,30,85,False,en,Pretoria,Synod,Simz1Mh,37,,390320737
2010-12-02 15:55:37,,7,119,True,en,Ga-Rankuwa,Thabo N,Vonkry,72,Pretoria,222145938
2012-06-23 22:03:22,PRO-Palestinian... FreeSyria.. Proud to be a Muslim..#CFC ..Why be famous? When you can be #Anonymous #UnitetheUmmah #BeMuslim,993,3578,False,en,"South Africa, Gaza in spirit",Muhammed Seedat,MOWE01,66728,Bucharest,616515257
2011-07-20 13:06:39,,89,815,False,en,Kentucky,point,ZedZoidal,39,Pretoria,339011194
2009-07-20 15:33:26,,7,73,True,en,,mattchambers3,whichhasnt,6,,58502348
2011-08-21 16:48:15,"A proud Namibian. ""A true conservationist is a person who knows that the world is not given by their fathers but borrowed from their children.""",75,3056,False,en,Windhoek Namibia,Annemarie vd Riet,AnnemarievdRiet,7,,359463622
2017-06-04 18:09:58,I'm entirely up to me...,26,661,False,en-gb,Estcourt,mattah nzima,MattahNzima,84,,871428832854777856
2011-06-09 19:13:20,Lifelong Red,9,147,False,en,SA,FrankVLFC1975,Frank_Vlotman,0,,314126987
2011-01-18 08:08:08,God is my#1 reality;is my best friend&love of my life; nations r calling&preaching is my destiny;souls r my passion&Jesus is my life.,191,592,True,en,South Africa,Duncot,Dunny_Semwayo,545,Pacific Time (US & Canada),239720481
2013-05-30 13:16:29,We will unfortunately close down the  MoneyMail App from December 2017.,778,1107,False,en,South Africa,MoneyMail,moneymailapp,3,Pacific Time (US & Canada),1469721704
2017-02-10 08:02:40,,5,62,False,en,,Taryn Mulligan,mulligan_taryn,1,,829963783648980992
2012-04-19 12:55:29,Physiotherapy student at UCT || iK E E P A C T I V E || Young individual investor seeking ways to build intergenerational wealth,290,594,True,en,"Cape Town, South Africa",iKeepActiveSiya,Siya_M,1478,Pretoria,557689928
2009-09-23 13:14:18,,52,87,False,en,,Marius Haman,mariushaman,399,Pretoria,76639892
2013-09-25 17:51:23,,2,28,False,en,,Ajit Mungal,AjitMungal,26,,1904922822
2011-07-07 14:27:00,Financial journalist and news anchor. Views are my own. A retweet is not an endorsement.,1493,556,True,en,"Johannesburg, South Africa",Stephen Gunnion,stephengunnion,5136,Pretoria,331014006
2011-04-30 09:16:58,,60,373,False,en,South Africa,Pieter JvR,Pieterjvr115,822,Pacific Time (US & Canada),290455083
2012-02-02 20:44:21,,162,3878,False,en,,Ragebob,GarywRagebob,68,,481495279
2011-12-14 06:28:16,,7,169,False,en,,Mpho Paledi,Mphoza_Pal,6,,436467610
2016-07-10 21:10:37,"Social entrepreneur, Crowd-Farmer, Change Agent, Trainer, Money Coach and have a keen interest in financial markets.",93,298,True,en,"Centurion, South Africa",Ricardo Ngcobo,ricardo_ngcobo,61,,752248683270397954
2013-02-20 10:13:01,,11,215,False,en,,Paul Ruthenberg,PaulRuthenberg,31,,1200349170
2012-03-25 20:35:22,,655,4997,False,en,"Durban, South Africa",Vusi Ngema,VNgema,31,,536625338
2010-03-03 10:28:11,,11,51,False,en,,linton naidoo,linton27,53,,119340728
2017-05-26 10:01:34,Nextbox connects teams and protects data. Your #popia partner.,276,2233,False,en,South Africa,Nextbox,NextboxZA,338,,868044432435752961
2012-06-11 16:59:05,Commodity trader; coal supplier; anti-establishment,110,337,False,en,"Hartbeespoort, South Africa",Johann Jacobs,johannj4u,1410,,605572418
2017-05-18 19:39:03,Investor | CA(SA) | Sports Enthusiast,15,45,False,en,"Dublin City, Ireland",Byron Anderson,ByronAnderson92,17,,865290657790865408
2014-08-24 12:52:29,,1030,4998,False,en,,TSHEPO   MODISE,pietvM1,56904,,2762329544
2009-01-31 18:57:42,,70,253,True,en,,Pieter Hattingh,panhat,130,Pretoria,19826354
2010-03-02 07:39:06,,25,177,False,en,Cape Town,EugeneB,eugenebarnard,16,Pretoria,118968000
2013-09-10 22:28:59,Aviation Enthusiast I Umshuki we nsimbi,327,1137,True,en,"Durban, South Africa",NGS Capital,Ndabe46,1490,Athens,1852678063
2015-10-25 10:21:03,,10,142,False,en,,Tim McDonald,mcdt17,1,Pacific Time (US & Canada),4038193049
2011-04-10 15:48:12,Sports fanatic •Manchester United •Sharks Rugby •Springboks •Proteas •South Africa •Business Science Honours; Finance & Economics major,405,634,True,en,"Durban, South Africa.",Mahomed Seedat,mo_seedat,41630,Pretoria,280076432
2009-11-02 14:57:04,,41,494,False,en,,Kevin,witifa,1200,Pacific Time (US & Canada),86957784
2014-06-28 23:20:58,Student | Orlando Pirates and Manchester City | Love cars but can't drive,75,367,False,en,,Mac D,NakediManyane,93,,2651551666
2013-01-27 11:13:59,"LinkedIn:https://t.co/8JzzlaVmJK, BusScience@UCT (Analytics/Data Science )🇿🇦🇮🇹",6,2633,False,en,"Mount Edgecombe, South Africa",Matthew Dicks,MatthewDicks98,16,,1124745217
2016-12-27 12:41:47,"The entrepreneur,The Philanthropist,Natural Born Leader.Father. Uncle.BizPromotional Tools..Brand Ideas&Proj& AgroProcess:Tsamma Brands&Proj.",141,1277,True,en,"Mamelodi, South Africa",DonKgaugelo Hermanus,RadikweboSKH,429,,813726568304545792
2011-12-24 16:19:28,Someday you can be someone,116,169,False,en,Quezon City,Jhosephine Buizon,bubblegumssss,2013,Hawaii,445601660
2010-08-20 13:35:19,Finance | Investing | Advice | News | Strategy | Words | Wisdom ...not nearly all mine.,809,928,False,en,"Cape Town, South Africa",Candice Paine CFA,CandicePaine,1380,London,180783671
2013-09-16 22:33:05,,12,76,False,en,,Elma van Wyk,ElmavanWyk1,146,,1873271593
2015-07-15 06:28:49,,10,42,False,en,,Lloyd Becker,lloyd_becker,4,,3376904457
2016-09-25 12:10:24,,9,247,True,en,,Peter Woods,wo43038004,1,,780016602930671616
2011-05-11 14:04:56,Proudly South African. Harvard Grad. Hiking. Mountain Biking. Insurance.,194,316,False,en,Johannesburg,Sarah Hallier,sarah_hallier,322,Central Time (US & Canada),296845071
2012-01-21 19:18:52,"Industrial engineer by day and investor, learner and dreamer by night. Parkruns with family every Saturday. Adopting regret minimisation to my life.",114,463,False,en,,Daniele Ferreira,daniele_xyz,1727,Pretoria,470436165
2009-03-04 09:44:32,"Business, financial, investment, media, tech news on South Africa.  RTs are not endorsements",98006,2354,True,en,South Africa,Moneyweb News,Moneyweb,53674,Pretoria,22752995
2017-05-14 07:54:27,The Dude abides.....,59,704,False,en, South Africa,Ronald McDonald,Razzmatazil,942,,863663784531030016
2010-09-14 13:50:50,Finance kid. Lands lad. Hockey player. MUFC supporter. Cape Town ftw!,268,184,False,en,,Michael Kruger,Michael_Kruger,3254,,190644647
2011-09-19 04:24:44,"father, husband, artist, thinker, philosopher",74,46,False,en,"Cape Town, South Africa",Mawande Ka Zenzile,KaZenzile,328,Arizona,376011065
2009-12-28 10:26:35,,4,64,False,en,,Sello mokwena,0828351751,17,,99917880
2009-01-28 13:14:15,"## rise and rise again, until lambs become lions!!",463,769,False,en,Nairobi,Terry A.,TerryAdembesa,3905,Nairobi,19650560
2011-06-29 17:20:56,Cryptocurrency & blockchain research and strategy lead at @Investec.,3423,514,True,en,Johannesburg,Chris Becker,chrislbecker,7237,Pretoria,326277920
2013-03-12 21:05:04,Our vision is to help consumers understand products and services offered by banks. Helping the bank to help you.,64,241,False,en,South Africa ,InvestmentsZA,InvestmentsZA,304,Athens,1262878921
2009-03-22 16:29:58,Broadcast Journalist | Anchor 'SABC Prime News' 15:00-18:00 on DSTV 404 | MC & Conference Facilitator | Figuring out life | ndoropf@sabc.co.za 🇿🇦🇿🇲🇿🇼,94499,16609,True,en,Africa,Peter Ndoro,peterndoro,6981,Pretoria,25838832
2013-10-28 10:47:43,,14,116,False,en,,Grant Harris,GRNEHA,3,,2160667105
2015-10-28 10:03:11,,5,53,False,en,,Gavin McLachlan,peak726,8,,4059785121
2009-06-05 05:35:54,,18,388,False,en,,Maurizio Di Pietro,MaurizioDPietro,14,,44830507
2014-07-17 13:23:03,"Investment Analyst, Software Developer. Innovation Happens at the Intersections",33,237,False,en,South Africa,Amar Madhav,Amar_Madhav,72,Pacific Time (US & Canada),2715601426
2017-02-24 18:37:09,,87,1199,False,en,"Atteridgeville, South Africa",Ronaldravhengani,Ronaldravhenga2,26,,835196883383504896
2009-03-18 11:27:40,"Tech lover, house-head, ultra distance triathlete / marathoner, proud husband and father.",225,236,False,en,"Johannesburg, South Africa",Justin Pearse,justin_pearse,357,London,25058217
2011-05-23 20:35:28,Dreamer / Skeptic / Joker / Asset Mgmt / Fmr Investment Banker / CA(SA) / News fanatic / Sports mad / Proud Jew and Zionist / Student of Life...Views are my own,348,393,True,en,"Jhb, South Africa",Hilan Berger,hilanb18,8479,,304035527
2016-12-07 10:05:44,Entertainment LifeStyle Sport,84,1048,False,en,"Pretoria, South Africa",Tahir,TahirMm786,80,,806439543469645829
2009-06-24 14:04:46,Political Scientist. Master of Social Sciences. Researcher to the NCOP Chair.,113,572,False,en,South Africa,Ngoako Rakgale,rakgism,180,Pretoria,50312979
2012-06-05 20:24:37,,8,155,False,en,,THEMBAN,THEMBANTEYI,9,,600395455
2017-02-23 10:53:15,"| Founder@Vibarazy Financiers Group Ltd_ | Advocate | President | Chairman |
#MarketingTreasuringAfrica__
#Vision: 2020_2045 New Africa",202,4987,True,en,"Newlands West, Durban",VIBARAZY_GROUP LTD,vibarazy,543,,834717753068109824
2009-05-07 01:11:24,#Managedfutures #hedgefunds #consulting #research #expertwitness #Professor & #doctoral candidate @DePaulU #Writer for global firms https://t.co/S4mLgtkpaD,2499,3156,True,en,"Chicago, IL",Mark Shore,shorecap,6213,Central Time (US & Canada),38328943
2009-10-11 17:41:47,,54,98,False,en,Johannesburg,Prejelin Naggan,Prejelin,47,West Central Africa,81644800
2014-03-24 08:53:51,Own shares in the brands you love from as little as R5! Any material shared or displayed does not constitute financial advice. Authorized FSP #easy,16932,8198,True,en,"Hyde Park, Johannesburg",EasyEquities,EasyEquities,12485,Athens,2408634144
2009-05-08 06:38:35,Shazaaam,568,1006,True,en,,Master Yak,yakballs,52560,Hawaii,38621675
2011-08-30 11:11:43,"I know Jesus, I'm afrikaans. Compassion and grace is what it is all about.",207,337,False,en,"Port Elizabeth bydi see, maar Pretoria in my hart. ",wilhelm henning,i_wilhelm_h,1253,Pacific Time (US & Canada),364804417
2011-10-06 01:28:11,,195,1136,False,en,"Pretoria, South Africa",Nic Smit,nsmitza,869,,385735425
2009-06-09 12:35:40,"To expand my knowledge and understanding of: literature, music, art, human nature, the intricacies of life...",259,1135,True,af,Onrus/Vermont,Wynand,kolgans,1420,Pretoria,45826622
2009-02-12 16:50:18,"BizNews Deputy Managing Editor - Writes/podcasts about business, technology and blockchain. Analytics fundi. https://t.co/0ltVv3MZqQ",2030,883,True,en,"Johannesburg, South Africa",⚡Gareth van Zyl,GarethvanZyl,12163,Quito,20692335
2009-04-06 17:30:06,"A student of life, teller of bad jokes & maker of good quality cocktails. Tweets/RT are independent of my employer.",357,354,True,en,"Johannesburg, South Africa",Bryan Stewart,B_St,1863,Pretoria,29247495
2012-12-13 09:55:07,"Systematic Trader. Hermit. Don't call me, I'll call you",4,1205,False,en,,KUBLAIxxx,KUBLAIxxx,152655,Athens,1008451321
2012-02-06 09:08:52,,11,480,False,en,,johnafan,YoniBender,1,,484604641
2013-11-09 11:45:29,,49,503,False,en-gb,,Rusty,Russell12400301,379,,2174390867
2010-06-13 20:50:48,Still learning about my new identity,237,363,True,en,Johannesburg,Phuti ya Ga-Seleka,prue82,9017,,155328267
2011-05-31 14:19:54,Proud Dad & husband. MW & Fibre PM. #LFC #Stormers #F1 #TranceFamily,1374,2571,True,en,"Cape Town, South Africa.",Ummar Williams,ummarw,12186,,308495211
2011-09-26 09:45:20,African financial journalist. Always opinionated. Disclosure: owns shares in JSE-listed and global firms.,2026,2302,False,en,Cape Town South Africa,Tom Robbins,BaragwanathBiz,32697,,380240291
2014-03-09 19:25:43,,25,272,False,en,,Aunali,Auny04,18,,2397558803
2010-12-23 21:13:00,,31,453,False,en,,Phathu Mudzusi,Fuelbridge,2,,229963739
2015-04-22 11:14:12,"Purple Group is a financial services business incorporating @GT_247, @EasyEquities, @GTPB_ZA and @EmperorAsset. Listed as JSE:PPE",4109,2085,True,en,South Africa,Purple Group,PurpleGroupPPE,1375,,3194489626
2017-04-03 18:15:21,To make everyone realize that investment is the best financial planning tool,54,214,False,en,South Africa,Grant,grantclocke,79,,848962139683422208
2009-03-27 12:19:48,"Die lang arm van die nagereg.
Family. Music. Investments. Scuba. Excel spreadsheets... in no particular order except for the one provided.",63,179,False,en,,Wion Flett,WionFlett,271,Pretoria,26992570
2010-11-24 15:11:52,a big fan of companies that make it possible for women to be fantastic at business and at being mums. #redwine #brands #SouthAfrica #love #laugh #bush,486,640,True,en,"Durban, South Africa",Josie Dougall,JoziDougall,279,,219325302
2010-11-29 17:10:39,One zesty Capetonian retail fundi sharing the good news! Big laughs & views are all my own. Formerly known as Tina Retief,270,633,True,en,"Milan, Lombardy",Tina le Cordeur,tina_terrific_,526,Pretoria,221068916
2011-05-09 11:16:40,"Lawyer, Christian, passionate about travel, proud Husband and father.",49,199,False,en,"Hartbeespoort, South Africa",Ronald,RonaldBaird84,384,,295618761
2011-02-24 19:00:44,,1170,1860,True,en,,Zak,ZakParuk,4503,Pretoria,257106869
2012-10-12 09:41:10,,247,922,False,en,Johannesburg ,Morris Karumazondo,MKarumazondo,388,Pretoria,875280222
2014-08-16 23:24:36,Hometown.   Tsomo Eastern Cape  @ kaizer chiefs @ Liverpool fc @Buyern Munich,452,2492,True,en,Cape town,Mpendulo,sisusampendulo,334,,2744832549
2017-02-20 11:44:44,"Alliteration Of Triple 'S' 
Sweet Short Something.",151,433,False,en,"Bethal, South Africa",Faith,Faith_McShort,183,,833643547576455168
2013-08-30 07:53:35,global citizen gratefully at home in SA.. passionate about people and what drives them.. enjoy my job and the people I meet through it.. oh and exercise!,18,51,True,en,,Barbara,BVintcent,15,,1712129665
2009-05-12 06:26:19,,351,401,True,en,"Cape Town, South Africa",Wez,wesleykets1,7104,London,39448270
2014-03-06 06:07:59,Our Motto ‘Follow Through’ Unimedia Production is a Johannesburg based management consultancy and media production company.,621,3343,True,en,Johannesburg,PINK STIG,pinkstigsa,821,Pacific Time (US & Canada),2387534062
2017-02-04 13:36:42,"altijd nieuwsgierig, succes mindset, iedere dag 10 nieuwe ideeen, neuropsychologe, levenskunstcoach, mindfulness, geniet van kunst en cultuur, huizenfreak.",174,1089,False,nl,,Irene Senden,irene_senden,42,,827873518507454465
2009-03-30 06:52:10,"Retired.Trade shares.Jesus is my Lord, Saviour and Friend.",32,226,True,en,Pretoria,Neil Wolhuter,enzed17,30,Pretoria,27598606
2011-11-01 12:40:08,President of Gabor Country.,43,127,False,en,Living inside of the Gabor,Waldo Boshoff,gaborcountry,67,Athens,402683414
2016-11-20 14:21:11,,9,184,False,en,"Johannesburg, South Africa",Arun Thannivayalil,arunchackosa,98,,800343233565847552
2011-03-11 13:36:56,"Learn, live and enjoy the journey.",142,967,False,en,KZN to London to KZN,Kevin Barnes,Enzacom,75,London,264180282
2017-02-10 12:59:26,Firefly PR creates a spark in the dark as we enlighten your communications into Africa and beyond. By @LisLombard,119,472,False,en,"Cape Town, South Africa",Firefly PR,fireflyprsa,161,Pacific Time (US & Canada),830038467719659520
2017-02-18 18:24:49,"Financial Trader, Based in Zim, Passionate about Financial Markets.",21,154,False,en,"Bulawayo, Zimbabwe",Darlington Z. Siziba,DZSiziba,4,,833019453659037696
2009-11-23 12:05:33,Stuck in a SCUMM VM.,157,721,True,en,present,Riaan Theron,titeroper,3520,Pretoria,92001490
2013-04-24 10:33:09,"Finnish Stock Broker & ETF Specialist @NordnetFI, who was interviewed by WSJ. Tweets represent my personal views only. Retweets are not endorsements.",6142,6637,True,fi,Suomi,Rolf Lönnqvist,RolfLonnqvist,15740,Hawaii,1376720149
2010-04-20 15:26:58,"Snr. Analyst-Gold, JSE Investor, Sports lover and steak braaier",409,1081,False,en,Johannesburg,Roelie G.v. Pittius,Roeliegey,3120,Pretoria,135182796
2010-02-09 18:43:35,"Cyclist, traveller, quant, chocolate lover, passive investor, music maker...and that's not all.",601,798,False,en,"Cape Town, South Africa",Helena Conradie,ConradieHelena,562,,112793369
2009-03-11 10:46:14,"Business, politics, energy policy, #ESG, sustainable investing and #Africa. Director @Kigoda_Consult. Consultant @Kudos_Africa.",9381,9050,False,en,South Africa,Mike Davies,AfricaAnalyst,4858,,23745634
2017-02-06 11:43:27,SGG Group is a leading fund and investor services firm.,154,614,False,en,Luxembourg,SGG Group,SGG_Group_Lux,76,Pacific Time (US & Canada),828569791589781509
2012-02-26 20:33:52,novice trader,426,1588,True,en,"Centurion, South Africa",ephraim mogashoa,emogashoa,12458,,504961244
2014-05-29 21:35:14,"Official voice of Bleu Ciel. An awe-inspiring, modern sky-rise that commands functionality and exclusivity in the heart of Dallas’ vibrant HARWOOD district.",27297,16941,True,en,"Dallas, Texas",Bleu Ciel Living,BleuCielLiving,1468,Eastern Time (US & Canada),2533447226
2016-06-28 11:01:12,UCANDO is a tertiary choices gateway matching your passion and skills with with the perfect tertiary education. Launching 16 January 2017.,177,771,False,en,South Africa,UCANDO South Africa,UCANDO_SA,92,Pacific Time (US & Canada),747746667227652096
2015-09-22 09:23:06,"Investor ∆ Entrepreneur ∆ Mentor #Stocks#Crypto#Forex💰 📉📈Success is my only  option that i have,failures NOT.#BlackRock👑2018#SwingTrader🍒🗽",319,1637,True,en,Eastern Cape;DBN;South A 🇿🇦 ,Leralla le #LETSHO#BlackRock👑,MolebatsiMacha1,8219,,3647110398
2010-02-07 16:13:29,"Award-winning journalist and financial services disruptor, helping the good guys deliver better outcomes for consumers @EmberTelevision @RegisMedia #TEBI",17274,12461,True,en,"Birmingham, UK",Robin Powell,RobinJPowell,36027,London,112201881
2017-02-05 05:54:48,AD United Revenue Its a financial service entity that offers short term personal loans from R400.00 to R 7000.00,102,965,False,en,Gauteng Germiston,AD United Revenue,united_revenue,43,,828119663443865600
2010-06-27 10:22:59,Nothing much,225,1339,True,en,Earth,Researcher,brotungwane,1003,Pretoria,160158097
2013-09-28 12:25:28,"Men who have lived significant lives are men who never waited: not for money, security, ease, or women. STOP WAITING,LET GO. THE WORLD IS YOURS🌐",55,328,True,en,South Africa,TL,L_Gopane,728,,700101459
2011-12-09 18:47:39,"I'm just a simple guy who is deeply into anything that has got anything to do with business,(investments,trading,markets,forex)",71,307,False,en,"Midrand, South Africa",Makgabo,NumisMath3,508,,432747309
2015-05-07 05:03:08,"Ambitious, Proud Black Reader, LLB Student, Future Leader and philosopher in my own right!",53,214,False,en-gb,"Soweto, South Africa",Linda Qwabe,qwabe_linda,237,,3239995145
2014-07-19 07:31:13,Child of God. Work in progress. Husband. Father.  MUFC supporter. Interested in all things ETF,28,164,False,en,The Tip Of Southern Africa.,Shawn Jacobs,80shawno,127,,2717549273
2012-05-10 10:58:09,Hustling.(I tweet what I like),68,558,True,en,West Rand. Gauteng  ,Zwelibanzi,zwelimpompa,110,,576218559
2016-07-29 18:32:34,,15,135,True,en,"Ballito, South Africa",Jean Terblanche,terblanche_jean,20,Pacific Time (US & Canada),759094279679700992
2016-09-26 20:26:03,"From personal finance and making money, to financial news and small business, we cover it all on the Platinum Wealth Forum

https://t.co/j6fDWOh5FF",484,112,False,en,South Africa,Platinum Wealth,PlatinumGroupZA,19712,Pacific Time (US & Canada),780503721486741504
2016-02-28 09:23:51,Managing Director of $MUS (ASX.MUS) proudly developing a world class Ruby Project in Mozambique. Passionate about mining in Africa. #gemstones @Mustang_Res,716,1379,True,en,"Sydney, New South Wales",Christiaan Jordaan,christian_jord,522,,703873234790297601
2016-03-09 07:53:41,"Portfolio Manager @Affsec |I'm pretty smart, but, sometimes I just want to give it all up and become a handsome billionaire.

For more info pop me a msg.",143,751,False,en,"Cape Town, South Africa",Rayyaan Simons,RayyaanS,54,,707474422677020672
2012-08-30 11:46:54,Afrifocus Tweets are based purely on market observations and news alerts. Tweets should not be construed as advise.,512,523,True,en,"Sandton, South Africa",Afrifocus Securities,Affsec,590,Athens,791427211
2009-03-18 14:30:11,An optimist.,1836,1774,True,en,Cape Town,Matthew le Cordeur,lecordeur,2283,Pretoria,25081073
2012-07-02 13:23:06,Call me Anikulapo ...the darker brotha. Always pace and never play yourself. ONe.,442,783,True,en,"Johannesburg, South Africa",Staff Writer,samblief,13772,Athens,624661739
2016-03-12 20:00:15,Founder @TKay2 Consulting|HR|People Management|Labour|Consultant|Facilitator|Trainer|Chairperson TMPF|Convener - Unisa Pta Alumni Chapter,80,188,True,en,Centurion&Malogeng|SA,Solly Matheba,SollyMatheba,802,,708744433886470145
2016-02-02 12:04:08,,76,233,False,en,"Johannesburg, South Africa",Osizweni Investment,osizweniholding,297,,4871595569
2009-05-03 06:20:48,,38,349,False,en,South Africa,Tony Croudace,tcroudace,34,Rome,37377947
2015-01-13 11:30:37,The annual Raging Bull Awards honours the leaders of the collective South African investment schemes industry.The event is hosted by Personal Finance.,374,419,False,en,South Africa,Raging Bull Awards,RagingBullAward,394,Pretoria,2976234671
2011-02-08 14:55:48,"Cat lady. Feminist. Lifelong student: Marketing, Strategy, Innovation. Loves: Food, Intelligence, Sarcasm. Hates: People on escalators who just stand there.",1178,2514,False,en,Cape town,Lynda Cooper,lyndacoop,17831,,249178558
2009-04-21 09:59:06,"Half broker, half human, all heart. Head of Investments at @RobertGroup.",2544,1445,True,en,South Africa,Devin Shutte,devinshutte,6437,Pretoria,33863477
2009-06-21 11:29:35,,11,141,False,en,snor city,Jean,jeancmaritz,44,Harare,49294946
2010-12-20 05:53:47,"Sales Trader @Capilis_AM | Sports | Current Affairs | Recommendations not fin advise | ""You adapt, evolve, compete or die""-Paul Tudor Jones | Juan@capilis.co.za",2666,2917,True,en,"South Africa, Johannesburg",Juan Breytenbach,mynamejd,8395,Athens,228608479
2011-07-31 14:09:35,"South African educator. Gadget lover, wannabe world explorer, student investor ;)",99,457,False,en,South Africa,Paula Hall,paula_h8,86,,345971884
2011-08-10 18:05:32,I love all sports and have an addiction to real time news updates... I should be the future Bok coach.,95,467,False,en,Cape Town,Dinis Martins,dinismartins_za,1620,Athens,352492480
2009-06-23 19:59:28,"Road & Trail Runner, Beer lover, Investor, Trader, Husband, Dad.",542,1344,False,en,"Cape Town, South Africa",Richard Thomason,richytee,1549,,50083194
2010-06-27 13:12:41,Passion for equity markets! Love sport! Support Barca! Enjoy seafood! I make things happen! Sometimes a creature of habit!,261,356,True,en,South Africa,Jan van Staden,Jvanstaden303,1751,Amsterdam,160193595
2009-09-10 13:50:29,https://t.co/J24tJoVlpB https://t.co/LjabmHaQsR lover.,205,489,True,en,South Africa,Nellz,yonelz,7838,Greenland,73120395
2011-04-05 12:44:36,"Do what is right, not what is easy.",115,1049,False,en,"Hillcrest, KZN, RSA",Gary Simpson,drgcsimpson,162,,277467330
2010-04-29 11:23:22,,37,204,True,en,Centurion,Theunis Human,theunishuman,110,,138377653
2010-09-16 12:27:27,Tweets are my own and DO NOT CONSTITUTE AS FINANCIAL ADVISE,60,273,False,en,,Byron Schamotta,Schamottab,96,Pretoria,191423074
2010-07-02 18:39:56,,40,582,True,en,,Mike,mikebwilson,5,Pacific Time (US & Canada),162108497
2010-09-12 21:48:31,Bionic dolphin trainer. Average investor.,207,347,True,en,"Johannesburg, South Africa",Justin Bradfield,JL_Bradfield,5652,Pretoria,190023295
2016-07-12 19:59:47,Student Of The Financial Markets • Views Are My Own,88,221,False,en,"Johannesburg, South Africa",Andile Buthelezi,Mr_Buthelezi,1007,Pacific Time (US & Canada),752955635013214208
2016-04-12 08:25:30,I'm serious about having fun.,95,445,False,en,,Mia,maisan1666,398,,719803615309873152
2016-04-25 18:13:09,,4,45,False,en,,Dyuti Maharaj,MaharajDyuti,8,,724662547048239104
2014-08-20 19:59:57,"In the business of making more chedda, 24/7. Financial markets enthusiast, mostly trading equity CFD's on the JSE. Here for data, news, tips and sharing ideas.",258,1635,False,en,"Johannesburg, South Africa",MoChedda247,MoChedda247,7,Harare,2750218501
2013-06-26 16:17:47,Bakali Masenzhele,40,214,False,en,The Land of the living,Ashley Daswa,AshleyDaswa,640,,1548576769
2011-10-10 15:35:07,Discretionary Investment Management that frees financial advisers to focus on planning yet keeps them at the heart of the investment process.,597,466,False,en,"United Kingdom, South Africa, Ireland",PortfolioMetrix,PortfolioMetrix,396,London,388331697
2010-11-16 21:33:58,,31,774,False,en,,capt.jacksparrow1,CaptJacket,12,,216488803
2009-03-18 11:40:59,"Professional working with young, developing businesses to activate potential.",271,670,False,en,South Africa,Guy Addison,guyaddison,205,Pretoria,25059290
2010-07-27 16:22:51,"Cool, calm and collecting dividends! Co-founder of SA's only Black owned FPI approved Professional Practice - Gradidge-Mahura Investments. CFP®",2660,2388,True,en,Johannesburg,Craig Gradidge,gradidgec,21536,,171550730
2015-05-22 10:29:56,Investor,337,1878,True,en,Polokwane,Mukhethwa Mauba,MukhethwaMauba,581,Pacific Time (US & Canada),3293825763
2013-02-20 15:31:38,Not part of any homogenous group. Don't speak for others and others don't speak for me. Opinionated but still learning! My opinion counts.Yours too.,43,44,True,en,,Lesley,Sample_of1,2116,Africa/Harare,1201398799
2014-10-28 08:04:46,Twitter Page of Kearsney College Centenary History Project maintained by dgoldhawk@kearsney.com Opportunities multiply as they are seized. (Sun Tzu),448,513,True,en,Botha's Hill South Africa,Kearsney History,KearsneyHistory,544,,2847845151
2013-05-18 06:48:20,,3,119,False,en,,ManTFred,mfmagoro,9,,1437582438
2014-04-13 19:24:37,,9,190,False,en,,John Blackwell,JohnJohnag,59,,2482307957
2010-04-23 18:38:09,"You like is clean, we like it Dirty",40,217,False,en,Durban north,Showtime Detailing,102NV,113,,136362508
2015-12-28 11:25:24,I'm superhuman,28,190,False,en,heaven ,ntombie,msntombie1,9,,4631742917
2011-08-23 13:25:18,,34,497,False,en,,Richard,Richard_2205,0,Pretoria,360598069
2016-05-27 18:30:57,Observer and citizen of the world,9,214,False,en,"Johannesburg, South Africa",Luk,lk7105,138,,736263438800977920
2009-05-14 08:05:28,"easily distracted by a Map-book of any place new, financial news keeps me in the money and adventure biking for sanity",476,415,True,en,"Stellenbosch, South Africa",Gert Vermaak,gertvermaak,3963,Cairo,39953180
2014-01-07 13:10:34,Love working with words...,220,1160,False,en,"Johannesburg, South Africa",Mongadi Mafata,mafata_mongadi,972,,2280574938
2016-09-12 15:52:22,,2,30,False,en,,Grant,GRT12071967,0,,775361419759984641
2016-11-04 07:43:59,fairness in news writing and reporting,377,3332,False,en,South Africa,BNK TIMES,bnktimes,277,,794445071387082752
2009-06-22 08:33:26,"Director & Portfolio Manager at Capilis Asset Managers. Keen traveler, golfer and cyclist. @Capilis_AM",3415,3226,True,en,South Africa,Iwan Swiegers,iswiegers,2202,Pretoria,49575159
2011-12-18 20:43:00,Form Glory To Glory,9539,10040,True,en,South Africa,Maanda,3ChildOfGod,82740,Ljubljana,440306463
2016-11-01 06:57:13,....,63,571,False,en,"Midrand, South Africa",Mathakha Mashamba,mathakhamercusi,2,,793346137495334913
2012-06-30 10:16:52,"Director and Owner of Mjt Fry Trading| Service Commercial, Industrial & Residential Requirements| Cleaning| Construction and Facilities Management| Entrepreneur",94,319,False,en,"Johannesburg, South Africa",Michelle Fry,michelle1bulie,1044,,622695752
2016-07-01 12:17:10,Options board where retail investors can place equity option trades.  Contact us at options@rockcapital.co.za or 021 201 1196 for more information.,94,516,False,en,Cape Town,ZAOptions,ZAOptions,35,Pretoria,748852947375624193
2009-06-20 19:09:03,,159,177,False,en,"Durban, South Africa",Ryan Massey,RyanMasseyKZN,9,,49087262
2016-06-11 03:49:53,,22,156,False,en-gb,,Solly Nkau,SollyNkau,97,,741477529551294464
2010-09-21 13:05:22,,71,184,True,en,Tanzania,Aunali Rajabali,aunyrajabali,229,,193284028
2011-09-01 19:36:16,"Enjoy watching and playing sports, #MUFC rugby and cricket. CA(SA). Comedian. Love nature - Co-manage @marricksafari twitter page.",303,714,False,en,"Manchester, England",Michael Datnow,MichaelDatnow,4544,Pretoria,366212239
2009-03-04 07:34:06,Retweets & engagement show me your 💓Tweets are my own 💕 #merentiasadventures 💖 #TBD2017 ❤ national co-ordinator mvdvent@gmail.com I retweet #merentiasworld💞,33715,30310,True,en,"Cape Town, South Africa",Merentia v d Vent,Merentia,265394,Pretoria,22746278
2011-03-23 17:08:25,,140,678,True,en,Pretoria,Lupe Ramong,LUPSTAR_,64,,270994878
